order_id,date,item_name,item_type,item_price,quantity,transaction_amount,transaction_type,received_by,time_of_sale,month,day_of_week,month_num
1,2022-07-03,Aalopuri,Fastfood,20,13,260,Unknown,Mr.,Night,July,Sunday,7
2,2022-08-23,Vadapav,Fastfood,20,15,300,Cash,Mr.,Afternoon,August,Tuesday,8
3,2022-11-20,Vadapav,Fastfood,20,1,20,Cash,Mr.,Afternoon,November,Sunday,11
4,2023-02-03,Sugarcane juice,Beverages,25,6,150,Online,Mr.,Night,February,Friday,2
5,2022-10-02,Sugarcane juice,Beverages,25,8,200,Online,Mr.,Evening,October,Sunday,10
6,2022-11-14,Vadapav,Fastfood,20,10,200,Cash,Mr.,Evening,November,Monday,11
7,2022-05-03,Sugarcane juice,Beverages,25,9,225,Cash,Mr.,Evening,May,Tuesday,5
8,2022-12-22,Panipuri,Fastfood,20,14,280,Online,Mr.,Night,December,Thursday,12
9,2022-06-10,Panipuri,Fastfood,20,1,20,Cash,Mrs.,Morning,June,Friday,6
10,2022-09-16,Panipuri,Fastfood,20,5,100,Online,Mr.,Afternoon,September,Friday,9
11,2022-12-01,Frankie,Fastfood,50,8,400,Online,Mrs.,Afternoon,December,Thursday,12
12,2022-07-12,Vadapav,Fastfood,20,8,160,Online,Mrs.,Night,July,Tuesday,7
13,2022-12-22,Panipuri,Fastfood,20,9,180,Online,Mrs.,Afternoon,December,Thursday,12
14,2022-11-25,Frankie,Fastfood,50,4,200,Online,Mr.,Morning,November,Friday,11
15,2023-02-03,Aalopuri,Fastfood,20,3,60,Cash,Mrs.,Evening,February,Friday,2
16,2022-04-14,Sandwich,Fastfood,60,11,660,Unknown,Mrs.,Midnight,April,Thursday,4
17,2022-10-16,Panipuri,Fastfood,20,11,220,Cash,Mrs.,Morning,October,Sunday,10
18,2022-11-05,Panipuri,Fastfood,20,10,200,Cash,Mrs.,Night,November,Saturday,11
19,2022-08-22,Panipuri,Fastfood,20,11,220,Cash,Mrs.,Night,August,Monday,8
20,2022-09-15,Cold coffee,Beverages,40,10,400,Online,Mr.,Night,September,Thursday,9
21,2022-12-21,Cold coffee,Beverages,40,15,600,Cash,Mr.,Evening,December,Wednesday,12
22,2022-10-04,Sugarcane juice,Beverages,25,12,300,Online,Mr.,Evening,October,Tuesday,10
23,2022-05-26,Sandwich,Fastfood,60,3,180,Online,Mr.,Midnight,May,Thursday,5
24,2023-02-11,Sugarcane juice,Beverages,25,10,250,Online,Mr.,Afternoon,February,Saturday,2
25,2022-08-31,Sandwich,Fastfood,60,1,60,Online,Mrs.,Evening,August,Wednesday,8
26,2022-08-18,Sugarcane juice,Beverages,25,4,100,Cash,Mr.,Afternoon,August,Thursday,8
27,2022-10-12,Cold coffee,Beverages,40,11,440,Online,Mrs.,Afternoon,October,Wednesday,10
28,2023-01-06,Cold coffee,Beverages,40,10,400,Online,Mrs.,Afternoon,January,Friday,1
29,2023-02-10,Sugarcane juice,Beverages,25,9,225,Online,Mr.,Afternoon,February,Friday,2
30,2023-01-28,Frankie,Fastfood,50,2,100,Cash,Mrs.,Night,January,Saturday,1
31,2022-09-14,Cold coffee,Beverages,40,13,520,Online,Mrs.,Evening,September,Wednesday,9
32,2022-05-06,Aalopuri,Fastfood,20,4,80,Unknown,Mr.,Morning,May,Friday,5
33,2023-02-05,Aalopuri,Fastfood,20,13,260,Online,Mr.,Night,February,Sunday,2
34,2023-02-04,Frankie,Fastfood,50,12,600,Online,Mrs.,Evening,February,Saturday,2
35,2022-05-22,Vadapav,Fastfood,20,8,160,Cash,Mr.,Morning,May,Sunday,5
36,2022-07-02,Cold coffee,Beverages,40,10,400,Online,Mr.,Afternoon,July,Saturday,7
37,2023-01-05,Frankie,Fastfood,50,10,500,Cash,Mr.,Night,January,Thursday,1
38,2023-03-08,Panipuri,Fastfood,20,12,240,Online,Mrs.,Night,March,Wednesday,3
39,2022-05-14,Vadapav,Fastfood,20,2,40,Online,Mr.,Evening,May,Saturday,5
40,2023-02-05,Sandwich,Fastfood,60,5,300,Online,Mrs.,Night,February,Sunday,2
41,2022-11-13,Cold coffee,Beverages,40,11,440,Unknown,Mr.,Afternoon,November,Sunday,11
42,2022-05-09,Aalopuri,Fastfood,20,8,160,Online,Mrs.,Night,May,Monday,5
43,2022-05-26,Vadapav,Fastfood,20,1,20,Cash,Mr.,Night,May,Thursday,5
44,2022-08-28,Cold coffee,Beverages,40,12,480,Cash,Mr.,Evening,August,Sunday,8
45,2022-08-15,Sugarcane juice,Beverages,25,6,150,Cash,Mrs.,Afternoon,August,Monday,8
46,2022-05-07,Vadapav,Fastfood,20,7,140,Cash,Mr.,Evening,May,Saturday,5
47,2022-07-10,Sandwich,Fastfood,60,7,420,Unknown,Mr.,Morning,July,Sunday,7
48,2023-02-23,Sandwich,Fastfood,60,14,840,Online,Mr.,Afternoon,February,Thursday,2
49,2022-11-06,Frankie,Fastfood,50,4,200,Online,Mrs.,Morning,November,Sunday,11
50,2022-11-02,Vadapav,Fastfood,20,8,160,Cash,Mrs.,Midnight,November,Wednesday,11
51,2022-05-16,Frankie,Fastfood,50,15,750,Online,Mrs.,Morning,May,Monday,5
52,2023-03-16,Sugarcane juice,Beverages,25,12,300,Cash,Mrs.,Midnight,March,Thursday,3
53,2022-07-26,Aalopuri,Fastfood,20,13,260,Cash,Mr.,Afternoon,July,Tuesday,7
54,2022-12-28,Panipuri,Fastfood,20,14,280,Online,Mrs.,Morning,December,Wednesday,12
55,2022-05-07,Sandwich,Fastfood,60,10,600,Cash,Mr.,Night,May,Saturday,5
56,2022-11-23,Panipuri,Fastfood,20,11,220,Cash,Mrs.,Midnight,November,Wednesday,11
57,2022-08-04,Panipuri,Fastfood,20,14,280,Online,Mrs.,Morning,August,Thursday,8
58,2023-02-03,Vadapav,Fastfood,20,6,120,Online,Mrs.,Morning,February,Friday,2
59,2022-07-01,Vadapav,Fastfood,20,5,100,Cash,Mr.,Morning,July,Friday,7
60,2022-06-11,Cold coffee,Beverages,40,2,80,Online,Mr.,Night,June,Saturday,6
61,2022-12-25,Vadapav,Fastfood,20,14,280,Cash,Mrs.,Afternoon,December,Sunday,12
62,2022-10-17,Sugarcane juice,Beverages,25,3,75,Cash,Mr.,Afternoon,October,Monday,10
63,2022-12-01,Sandwich,Fastfood,60,7,420,Online,Mrs.,Morning,December,Thursday,12
64,2022-12-09,Cold coffee,Beverages,40,1,40,Cash,Mr.,Morning,December,Friday,12
65,2022-07-25,Aalopuri,Fastfood,20,4,80,Cash,Mr.,Morning,July,Monday,7
66,2022-04-05,Frankie,Fastfood,50,2,100,Cash,Mrs.,Morning,April,Tuesday,4
67,2022-05-15,Aalopuri,Fastfood,20,9,180,Cash,Mr.,Midnight,May,Sunday,5
68,2022-12-17,Cold coffee,Beverages,40,2,80,Unknown,Mr.,Night,December,Saturday,12
69,2023-01-10,Vadapav,Fastfood,20,7,140,Cash,Mr.,Midnight,January,Tuesday,1
70,2022-05-09,Cold coffee,Beverages,40,14,560,Unknown,Mrs.,Morning,May,Monday,5
71,2022-12-05,Cold coffee,Beverages,40,6,240,Online,Mr.,Night,December,Monday,12
72,2023-03-09,Frankie,Fastfood,50,13,650,Online,Mr.,Afternoon,March,Thursday,3
73,2022-07-29,Panipuri,Fastfood,20,5,100,Cash,Mr.,Midnight,July,Friday,7
74,2022-08-15,Cold coffee,Beverages,40,10,400,Online,Mrs.,Evening,August,Monday,8
75,2023-02-02,Cold coffee,Beverages,40,6,240,Online,Mrs.,Afternoon,February,Thursday,2
76,2022-08-17,Vadapav,Fastfood,20,9,180,Online,Mr.,Morning,August,Wednesday,8
77,2023-02-04,Sugarcane juice,Beverages,25,12,300,Cash,Mrs.,Midnight,February,Saturday,2
78,2022-10-01,Vadapav,Fastfood,20,4,80,Cash,Mrs.,Evening,October,Saturday,10
79,2022-11-05,Panipuri,Fastfood,20,6,120,Online,Mr.,Night,November,Saturday,11
80,2022-05-24,Frankie,Fastfood,50,13,650,Cash,Mr.,Evening,May,Tuesday,5
81,2022-11-19,Frankie,Fastfood,50,12,600,Online,Mrs.,Night,November,Saturday,11
82,2022-07-17,Frankie,Fastfood,50,3,150,Online,Mrs.,Evening,July,Sunday,7
83,2022-11-13,Frankie,Fastfood,50,11,550,Unknown,Mr.,Evening,November,Sunday,11
84,2023-03-03,Panipuri,Fastfood,20,13,260,Cash,Mr.,Midnight,March,Friday,3
85,2022-08-19,Aalopuri,Fastfood,20,3,60,Online,Mrs.,Night,August,Friday,8
86,2023-03-09,Aalopuri,Fastfood,20,15,300,Cash,Mr.,Morning,March,Thursday,3
87,2022-05-29,Aalopuri,Fastfood,20,8,160,Cash,Mr.,Night,May,Sunday,5
88,2022-07-07,Cold coffee,Beverages,40,10,400,Cash,Mr.,Evening,July,Thursday,7
89,2022-12-23,Aalopuri,Fastfood,20,14,280,Cash,Mr.,Evening,December,Friday,12
90,2022-10-29,Vadapav,Fastfood,20,15,300,Online,Mr.,Night,October,Saturday,10
91,2023-03-22,Cold coffee,Beverages,40,6,240,Unknown,Mrs.,Evening,March,Wednesday,3
92,2022-05-13,Aalopuri,Fastfood,20,15,300,Cash,Mr.,Afternoon,May,Friday,5
93,2022-07-03,Cold coffee,Beverages,40,2,80,Online,Mrs.,Midnight,July,Sunday,7
94,2022-09-14,Aalopuri,Fastfood,20,15,300,Unknown,Mrs.,Night,September,Wednesday,9
95,2022-05-12,Sugarcane juice,Beverages,25,8,200,Online,Mr.,Night,May,Thursday,5
96,2022-08-22,Sandwich,Fastfood,60,15,900,Unknown,Mr.,Morning,August,Monday,8
97,2023-03-29,Cold coffee,Beverages,40,13,520,Online,Mr.,Evening,March,Wednesday,3
98,2022-12-24,Vadapav,Fastfood,20,1,20,Online,Mr.,Morning,December,Saturday,12
99,2022-09-11,Sugarcane juice,Beverages,25,3,75,Cash,Mr.,Evening,September,Sunday,9
100,2022-05-08,Panipuri,Fastfood,20,11,220,Unknown,Mr.,Morning,May,Sunday,5
101,2023-03-26,Vadapav,Fastfood,20,3,60,Online,Mrs.,Morning,March,Sunday,3
102,2023-03-13,Cold coffee,Beverages,40,14,560,Cash,Mr.,Morning,March,Monday,3
103,2023-03-14,Cold coffee,Beverages,40,8,320,Online,Mrs.,Midnight,March,Tuesday,3
104,2022-10-27,Cold coffee,Beverages,40,13,520,Online,Mr.,Morning,October,Thursday,10
105,2023-01-25,Panipuri,Fastfood,20,8,160,Cash,Mrs.,Evening,January,Wednesday,1
106,2023-02-25,Frankie,Fastfood,50,9,450,Cash,Mrs.,Evening,February,Saturday,2
107,2023-02-07,Sandwich,Fastfood,60,4,240,Online,Mr.,Afternoon,February,Tuesday,2
108,2022-08-06,Panipuri,Fastfood,20,5,100,Online,Mr.,Afternoon,August,Saturday,8
109,2022-08-08,Cold coffee,Beverages,40,12,480,Unknown,Mr.,Afternoon,August,Monday,8
110,2022-11-16,Panipuri,Fastfood,20,2,40,Online,Mrs.,Morning,November,Wednesday,11
111,2022-09-04,Sandwich,Fastfood,60,8,480,Cash,Mrs.,Midnight,September,Sunday,9
112,2023-02-24,Sandwich,Fastfood,60,7,420,Cash,Mr.,Morning,February,Friday,2
113,2022-12-12,Aalopuri,Fastfood,20,8,160,Cash,Mr.,Afternoon,December,Monday,12
114,2022-08-14,Aalopuri,Fastfood,20,10,200,Online,Mr.,Afternoon,August,Sunday,8
115,2023-01-12,Aalopuri,Fastfood,20,13,260,Unknown,Mr.,Evening,January,Thursday,1
116,2022-08-26,Sugarcane juice,Beverages,25,13,325,Cash,Mr.,Evening,August,Friday,8
117,2023-03-09,Frankie,Fastfood,50,7,350,Online,Mrs.,Evening,March,Thursday,3
118,2022-07-06,Sandwich,Fastfood,60,1,60,Online,Mr.,Midnight,July,Wednesday,7
119,2022-05-12,Panipuri,Fastfood,20,10,200,Cash,Mr.,Evening,May,Thursday,5
120,2022-07-10,Frankie,Fastfood,50,2,100,Cash,Mrs.,Evening,July,Sunday,7
121,2022-08-26,Cold coffee,Beverages,40,8,320,Cash,Mr.,Afternoon,August,Friday,8
122,2022-04-24,Panipuri,Fastfood,20,3,60,Unknown,Mrs.,Night,April,Sunday,4
123,2022-06-09,Cold coffee,Beverages,40,6,240,Online,Mr.,Evening,June,Thursday,6
124,2022-10-14,Sugarcane juice,Beverages,25,13,325,Unknown,Mrs.,Evening,October,Friday,10
125,2022-04-10,Vadapav,Fastfood,20,7,140,Cash,Mrs.,Midnight,April,Sunday,4
126,2022-04-08,Panipuri,Fastfood,20,11,220,Online,Mrs.,Night,April,Friday,4
127,2022-12-03,Aalopuri,Fastfood,20,1,20,Unknown,Mrs.,Morning,December,Saturday,12
128,2022-08-07,Vadapav,Fastfood,20,11,220,Online,Mr.,Midnight,August,Sunday,8
129,2022-10-19,Panipuri,Fastfood,20,13,260,Cash,Mrs.,Morning,October,Wednesday,10
130,2022-12-28,Sugarcane juice,Beverages,25,7,175,Cash,Mr.,Night,December,Wednesday,12
131,2023-01-19,Sandwich,Fastfood,60,8,480,Cash,Mr.,Night,January,Thursday,1
132,2022-12-05,Vadapav,Fastfood,20,4,80,Online,Mrs.,Night,December,Monday,12
133,2022-12-20,Aalopuri,Fastfood,20,5,100,Online,Mr.,Midnight,December,Tuesday,12
134,2022-07-17,Aalopuri,Fastfood,20,12,240,Online,Mrs.,Night,July,Sunday,7
135,2023-01-14,Aalopuri,Fastfood,20,8,160,Online,Mr.,Midnight,January,Saturday,1
136,2022-08-24,Aalopuri,Fastfood,20,15,300,Online,Mr.,Morning,August,Wednesday,8
137,2023-03-19,Sugarcane juice,Beverages,25,6,150,Unknown,Mr.,Afternoon,March,Sunday,3
138,2022-09-01,Sandwich,Fastfood,60,15,900,Online,Mr.,Night,September,Thursday,9
139,2023-02-26,Frankie,Fastfood,50,11,550,Online,Mrs.,Night,February,Sunday,2
140,2022-06-12,Frankie,Fastfood,50,13,650,Cash,Mr.,Night,June,Sunday,6
141,2022-06-15,Aalopuri,Fastfood,20,4,80,Unknown,Mr.,Evening,June,Wednesday,6
142,2022-12-30,Sugarcane juice,Beverages,25,12,300,Cash,Mrs.,Morning,December,Friday,12
143,2022-09-18,Frankie,Fastfood,50,8,400,Unknown,Mrs.,Afternoon,September,Sunday,9
144,2022-11-17,Panipuri,Fastfood,20,10,200,Cash,Mrs.,Evening,November,Thursday,11
145,2022-10-09,Sandwich,Fastfood,60,14,840,Online,Mr.,Morning,October,Sunday,10
146,2022-10-28,Frankie,Fastfood,50,4,200,Unknown,Mrs.,Afternoon,October,Friday,10
147,2022-05-17,Panipuri,Fastfood,20,7,140,Online,Mr.,Evening,May,Tuesday,5
148,2023-03-19,Sandwich,Fastfood,60,13,780,Online,Mr.,Evening,March,Sunday,3
149,2022-08-09,Sandwich,Fastfood,60,7,420,Online,Mr.,Morning,August,Tuesday,8
150,2023-01-30,Cold coffee,Beverages,40,14,560,Cash,Mr.,Afternoon,January,Monday,1
151,2022-07-10,Frankie,Fastfood,50,13,650,Online,Mrs.,Morning,July,Sunday,7
152,2022-10-24,Cold coffee,Beverages,40,9,360,Online,Mr.,Afternoon,October,Monday,10
153,2022-07-21,Panipuri,Fastfood,20,1,20,Cash,Mrs.,Evening,July,Thursday,7
154,2022-12-13,Vadapav,Fastfood,20,3,60,Cash,Mr.,Night,December,Tuesday,12
155,2023-02-07,Sugarcane juice,Beverages,25,10,250,Cash,Mrs.,Evening,February,Tuesday,2
156,2023-03-25,Panipuri,Fastfood,20,14,280,Cash,Mr.,Midnight,March,Saturday,3
157,2023-02-24,Frankie,Fastfood,50,7,350,Online,Mrs.,Midnight,February,Friday,2
158,2022-05-16,Aalopuri,Fastfood,20,2,40,Unknown,Mr.,Midnight,May,Monday,5
159,2022-10-03,Sugarcane juice,Beverages,25,1,25,Online,Mrs.,Afternoon,October,Monday,10
160,2022-07-23,Vadapav,Fastfood,20,10,200,Online,Mr.,Night,July,Saturday,7
161,2023-01-19,Sugarcane juice,Beverages,25,12,300,Cash,Mr.,Evening,January,Thursday,1
162,2022-05-07,Aalopuri,Fastfood,20,11,220,Cash,Mr.,Midnight,May,Saturday,5
163,2023-01-06,Frankie,Fastfood,50,6,300,Online,Mrs.,Midnight,January,Friday,1
164,2022-08-10,Sugarcane juice,Beverages,25,7,175,Online,Mr.,Afternoon,August,Wednesday,8
165,2023-01-05,Sandwich,Fastfood,60,11,660,Cash,Mr.,Midnight,January,Thursday,1
166,2022-06-01,Panipuri,Fastfood,20,6,120,Cash,Mrs.,Evening,June,Wednesday,6
167,2023-02-23,Cold coffee,Beverages,40,6,240,Cash,Mrs.,Morning,February,Thursday,2
168,2022-04-19,Sandwich,Fastfood,60,4,240,Cash,Mrs.,Midnight,April,Tuesday,4
169,2022-06-20,Vadapav,Fastfood,20,6,120,Cash,Mr.,Morning,June,Monday,6
170,2023-02-13,Aalopuri,Fastfood,20,6,120,Unknown,Mrs.,Afternoon,February,Monday,2
171,2023-03-02,Vadapav,Fastfood,20,11,220,Cash,Mrs.,Midnight,March,Thursday,3
172,2022-08-27,Sugarcane juice,Beverages,25,6,150,Online,Mrs.,Night,August,Saturday,8
173,2023-01-20,Cold coffee,Beverages,40,2,80,Online,Mr.,Night,January,Friday,1
174,2022-09-03,Aalopuri,Fastfood,20,2,40,Online,Mr.,Evening,September,Saturday,9
175,2022-10-17,Frankie,Fastfood,50,12,600,Cash,Mrs.,Afternoon,October,Monday,10
176,2022-08-04,Panipuri,Fastfood,20,1,20,Cash,Mrs.,Midnight,August,Thursday,8
177,2022-07-21,Panipuri,Fastfood,20,11,220,Online,Mrs.,Morning,July,Thursday,7
178,2022-12-09,Aalopuri,Fastfood,20,2,40,Cash,Mrs.,Morning,December,Friday,12
179,2023-03-03,Sugarcane juice,Beverages,25,5,125,Unknown,Mrs.,Midnight,March,Friday,3
180,2022-12-01,Vadapav,Fastfood,20,6,120,Online,Mrs.,Afternoon,December,Thursday,12
181,2022-06-09,Cold coffee,Beverages,40,7,280,Cash,Mrs.,Night,June,Thursday,6
182,2022-07-02,Cold coffee,Beverages,40,1,40,Cash,Mr.,Midnight,July,Saturday,7
183,2022-07-10,Sugarcane juice,Beverages,25,5,125,Cash,Mrs.,Midnight,July,Sunday,7
184,2023-01-03,Cold coffee,Beverages,40,8,320,Cash,Mr.,Night,January,Tuesday,1
185,2023-01-13,Sugarcane juice,Beverages,25,15,375,Unknown,Mr.,Night,January,Friday,1
186,2023-03-15,Frankie,Fastfood,50,2,100,Online,Mr.,Afternoon,March,Wednesday,3
187,2022-10-11,Aalopuri,Fastfood,20,15,300,Cash,Mrs.,Morning,October,Tuesday,10
188,2022-12-28,Panipuri,Fastfood,20,14,280,Cash,Mrs.,Night,December,Wednesday,12
189,2023-02-08,Vadapav,Fastfood,20,12,240,Online,Mr.,Afternoon,February,Wednesday,2
190,2022-04-26,Cold coffee,Beverages,40,1,40,Online,Mr.,Evening,April,Tuesday,4
191,2022-05-20,Sugarcane juice,Beverages,25,14,350,Cash,Mrs.,Morning,May,Friday,5
192,2022-10-26,Vadapav,Fastfood,20,2,40,Online,Mr.,Night,October,Wednesday,10
193,2023-02-05,Cold coffee,Beverages,40,15,600,Online,Mrs.,Midnight,February,Sunday,2
194,2022-12-15,Vadapav,Fastfood,20,4,80,Cash,Mrs.,Morning,December,Thursday,12
195,2022-04-23,Sandwich,Fastfood,60,4,240,Cash,Mrs.,Night,April,Saturday,4
196,2022-06-25,Sandwich,Fastfood,60,3,180,Cash,Mr.,Evening,June,Saturday,6
197,2022-11-08,Panipuri,Fastfood,20,10,200,Cash,Mrs.,Midnight,November,Tuesday,11
198,2023-01-05,Frankie,Fastfood,50,15,750,Cash,Mr.,Morning,January,Thursday,1
199,2023-02-01,Frankie,Fastfood,50,6,300,Online,Mrs.,Morning,February,Wednesday,2
200,2022-12-25,Cold coffee,Beverages,40,10,400,Cash,Mrs.,Morning,December,Sunday,12
201,2022-06-30,Panipuri,Fastfood,20,8,160,Cash,Mr.,Morning,June,Thursday,6
202,2022-09-21,Aalopuri,Fastfood,20,9,180,Cash,Mr.,Afternoon,September,Wednesday,9
203,2022-04-11,Vadapav,Fastfood,20,6,120,Online,Mrs.,Midnight,April,Monday,4
204,2022-10-24,Cold coffee,Beverages,40,7,280,Cash,Mrs.,Evening,October,Monday,10
205,2022-10-17,Vadapav,Fastfood,20,4,80,Unknown,Mr.,Afternoon,October,Monday,10
206,2022-07-27,Aalopuri,Fastfood,20,4,80,Cash,Mr.,Night,July,Wednesday,7
207,2023-02-20,Cold coffee,Beverages,40,8,320,Online,Mrs.,Evening,February,Monday,2
208,2022-08-26,Cold coffee,Beverages,40,13,520,Cash,Mrs.,Midnight,August,Friday,8
209,2022-12-04,Aalopuri,Fastfood,20,2,40,Cash,Mr.,Night,December,Sunday,12
210,2023-01-02,Sugarcane juice,Beverages,25,15,375,Unknown,Mr.,Night,January,Monday,1
211,2022-04-18,Aalopuri,Fastfood,20,12,240,Cash,Mr.,Morning,April,Monday,4
212,2022-05-05,Cold coffee,Beverages,40,12,480,Online,Mrs.,Morning,May,Thursday,5
213,2022-09-29,Vadapav,Fastfood,20,3,60,Unknown,Mrs.,Midnight,September,Thursday,9
214,2022-12-03,Sugarcane juice,Beverages,25,14,350,Online,Mr.,Evening,December,Saturday,12
215,2022-12-10,Sugarcane juice,Beverages,25,7,175,Unknown,Mrs.,Morning,December,Saturday,12
216,2023-03-07,Panipuri,Fastfood,20,9,180,Cash,Mrs.,Afternoon,March,Tuesday,3
217,2023-03-23,Cold coffee,Beverages,40,10,400,Cash,Mr.,Morning,March,Thursday,3
218,2022-12-23,Cold coffee,Beverages,40,13,520,Online,Mrs.,Midnight,December,Friday,12
219,2022-10-01,Aalopuri,Fastfood,20,9,180,Cash,Mrs.,Evening,October,Saturday,10
220,2022-05-13,Sugarcane juice,Beverages,25,1,25,Cash,Mr.,Afternoon,May,Friday,5
221,2023-03-26,Sandwich,Fastfood,60,1,60,Online,Mr.,Evening,March,Sunday,3
222,2022-09-11,Sandwich,Fastfood,60,6,360,Cash,Mrs.,Morning,September,Sunday,9
223,2022-09-21,Panipuri,Fastfood,20,13,260,Online,Mr.,Night,September,Wednesday,9
224,2023-03-23,Sugarcane juice,Beverages,25,14,350,Cash,Mr.,Afternoon,March,Thursday,3
225,2023-03-16,Frankie,Fastfood,50,11,550,Cash,Mrs.,Evening,March,Thursday,3
226,2022-12-12,Aalopuri,Fastfood,20,13,260,Online,Mrs.,Afternoon,December,Monday,12
227,2022-11-17,Cold coffee,Beverages,40,5,200,Cash,Mrs.,Afternoon,November,Thursday,11
228,2022-11-05,Panipuri,Fastfood,20,8,160,Online,Mr.,Night,November,Saturday,11
229,2022-12-15,Panipuri,Fastfood,20,7,140,Unknown,Mr.,Evening,December,Thursday,12
230,2022-04-16,Frankie,Fastfood,50,6,300,Online,Mr.,Afternoon,April,Saturday,4
231,2022-04-16,Sugarcane juice,Beverages,25,3,75,Unknown,Mr.,Night,April,Saturday,4
232,2022-04-23,Vadapav,Fastfood,20,13,260,Cash,Mrs.,Night,April,Saturday,4
233,2022-07-31,Panipuri,Fastfood,20,5,100,Cash,Mr.,Morning,July,Sunday,7
234,2022-07-27,Panipuri,Fastfood,20,10,200,Cash,Mr.,Midnight,July,Wednesday,7
235,2022-11-29,Sandwich,Fastfood,60,10,600,Cash,Mrs.,Afternoon,November,Tuesday,11
236,2022-06-26,Vadapav,Fastfood,20,12,240,Unknown,Mrs.,Evening,June,Sunday,6
237,2022-11-08,Panipuri,Fastfood,20,13,260,Cash,Mrs.,Midnight,November,Tuesday,11
238,2022-04-26,Vadapav,Fastfood,20,13,260,Cash,Mr.,Morning,April,Tuesday,4
239,2022-12-04,Frankie,Fastfood,50,4,200,Online,Mr.,Evening,December,Sunday,12
240,2022-12-11,Sandwich,Fastfood,60,10,600,Cash,Mrs.,Morning,December,Sunday,12
241,2022-06-06,Sugarcane juice,Beverages,25,2,50,Cash,Mr.,Afternoon,June,Monday,6
242,2022-12-23,Cold coffee,Beverages,40,4,160,Online,Mrs.,Midnight,December,Friday,12
243,2022-11-12,Panipuri,Fastfood,20,5,100,Cash,Mrs.,Midnight,November,Saturday,11
244,2022-11-22,Sandwich,Fastfood,60,10,600,Online,Mrs.,Midnight,November,Tuesday,11
245,2022-10-03,Vadapav,Fastfood,20,2,40,Cash,Mrs.,Morning,October,Monday,10
246,2022-11-16,Vadapav,Fastfood,20,10,200,Cash,Mr.,Afternoon,November,Wednesday,11
247,2022-10-03,Sugarcane juice,Beverages,25,6,150,Unknown,Mr.,Midnight,October,Monday,10
248,2022-04-17,Frankie,Fastfood,50,5,250,Online,Mrs.,Midnight,April,Sunday,4
249,2022-10-26,Sugarcane juice,Beverages,25,3,75,Online,Mrs.,Afternoon,October,Wednesday,10
250,2022-11-15,Sugarcane juice,Beverages,25,6,150,Online,Mrs.,Midnight,November,Tuesday,11
251,2022-12-21,Cold coffee,Beverages,40,13,520,Unknown,Mrs.,Afternoon,December,Wednesday,12
252,2023-03-26,Vadapav,Fastfood,20,8,160,Online,Mr.,Midnight,March,Sunday,3
253,2022-06-18,Sugarcane juice,Beverages,25,13,325,Online,Mr.,Afternoon,June,Saturday,6
254,2022-10-09,Cold coffee,Beverages,40,12,480,Unknown,Mrs.,Afternoon,October,Sunday,10
255,2022-04-30,Vadapav,Fastfood,20,7,140,Unknown,Mrs.,Afternoon,April,Saturday,4
256,2023-03-16,Aalopuri,Fastfood,20,3,60,Online,Mrs.,Midnight,March,Thursday,3
257,2023-01-03,Sandwich,Fastfood,60,10,600,Cash,Mrs.,Midnight,January,Tuesday,1
258,2022-09-06,Vadapav,Fastfood,20,14,280,Cash,Mr.,Midnight,September,Tuesday,9
259,2022-11-18,Sandwich,Fastfood,60,4,240,Online,Mr.,Morning,November,Friday,11
260,2022-09-10,Sugarcane juice,Beverages,25,2,50,Online,Mrs.,Night,September,Saturday,9
261,2023-01-11,Frankie,Fastfood,50,9,450,Cash,Mrs.,Midnight,January,Wednesday,1
262,2023-03-05,Vadapav,Fastfood,20,5,100,Unknown,Mrs.,Evening,March,Sunday,3
263,2022-06-19,Panipuri,Fastfood,20,2,40,Cash,Mr.,Evening,June,Sunday,6
264,2022-07-18,Sugarcane juice,Beverages,25,12,300,Online,Mr.,Morning,July,Monday,7
265,2022-08-15,Vadapav,Fastfood,20,6,120,Cash,Mr.,Midnight,August,Monday,8
266,2022-10-02,Frankie,Fastfood,50,10,500,Online,Mrs.,Night,October,Sunday,10
267,2023-03-05,Vadapav,Fastfood,20,1,20,Cash,Mr.,Morning,March,Sunday,3
268,2023-02-05,Cold coffee,Beverages,40,12,480,Cash,Mrs.,Midnight,February,Sunday,2
269,2022-12-22,Panipuri,Fastfood,20,2,40,Unknown,Mrs.,Midnight,December,Thursday,12
270,2022-09-07,Sandwich,Fastfood,60,13,780,Cash,Mr.,Evening,September,Wednesday,9
271,2022-05-03,Vadapav,Fastfood,20,13,260,Cash,Mr.,Evening,May,Tuesday,5
272,2022-07-29,Frankie,Fastfood,50,5,250,Online,Mrs.,Night,July,Friday,7
273,2022-08-15,Panipuri,Fastfood,20,15,300,Cash,Mr.,Midnight,August,Monday,8
274,2023-01-04,Sugarcane juice,Beverages,25,10,250,Online,Mr.,Night,January,Wednesday,1
275,2023-02-04,Vadapav,Fastfood,20,15,300,Online,Mr.,Night,February,Saturday,2
276,2022-09-30,Sugarcane juice,Beverages,25,6,150,Cash,Mr.,Midnight,September,Friday,9
277,2022-12-08,Cold coffee,Beverages,40,13,520,Cash,Mrs.,Midnight,December,Thursday,12
278,2022-06-19,Frankie,Fastfood,50,6,300,Online,Mrs.,Night,June,Sunday,6
279,2022-09-14,Vadapav,Fastfood,20,15,300,Cash,Mrs.,Afternoon,September,Wednesday,9
280,2022-10-09,Panipuri,Fastfood,20,14,280,Online,Mrs.,Evening,October,Sunday,10
281,2022-08-09,Sandwich,Fastfood,60,3,180,Cash,Mrs.,Afternoon,August,Tuesday,8
282,2022-05-16,Vadapav,Fastfood,20,13,260,Unknown,Mrs.,Morning,May,Monday,5
283,2022-07-02,Panipuri,Fastfood,20,2,40,Cash,Mrs.,Midnight,July,Saturday,7
284,2023-01-29,Frankie,Fastfood,50,7,350,Unknown,Mr.,Afternoon,January,Sunday,1
285,2022-06-28,Aalopuri,Fastfood,20,3,60,Unknown,Mr.,Night,June,Tuesday,6
286,2022-12-14,Vadapav,Fastfood,20,6,120,Unknown,Mr.,Night,December,Wednesday,12
287,2022-08-06,Aalopuri,Fastfood,20,3,60,Cash,Mr.,Morning,August,Saturday,8
288,2022-08-22,Sandwich,Fastfood,60,7,420,Cash,Mr.,Night,August,Monday,8
289,2022-11-28,Aalopuri,Fastfood,20,7,140,Online,Mrs.,Midnight,November,Monday,11
290,2022-05-03,Panipuri,Fastfood,20,7,140,Cash,Mrs.,Morning,May,Tuesday,5
291,2023-01-27,Frankie,Fastfood,50,8,400,Online,Mrs.,Night,January,Friday,1
292,2023-01-16,Frankie,Fastfood,50,2,100,Cash,Mrs.,Midnight,January,Monday,1
293,2022-04-21,Panipuri,Fastfood,20,8,160,Online,Mrs.,Morning,April,Thursday,4
294,2022-09-23,Aalopuri,Fastfood,20,1,20,Cash,Mrs.,Evening,September,Friday,9
295,2022-07-21,Sandwich,Fastfood,60,7,420,Cash,Mr.,Midnight,July,Thursday,7
296,2023-02-06,Panipuri,Fastfood,20,7,140,Cash,Mrs.,Afternoon,February,Monday,2
297,2022-04-30,Sandwich,Fastfood,60,10,600,Online,Mr.,Evening,April,Saturday,4
298,2022-07-19,Sugarcane juice,Beverages,25,9,225,Cash,Mrs.,Afternoon,July,Tuesday,7
299,2022-07-22,Aalopuri,Fastfood,20,1,20,Online,Mrs.,Evening,July,Friday,7
300,2022-06-27,Aalopuri,Fastfood,20,8,160,Cash,Mr.,Afternoon,June,Monday,6
301,2023-01-28,Panipuri,Fastfood,20,7,140,Cash,Mr.,Night,January,Saturday,1
302,2023-03-21,Aalopuri,Fastfood,20,14,280,Cash,Mr.,Night,March,Tuesday,3
303,2022-07-02,Sugarcane juice,Beverages,25,1,25,Cash,Mrs.,Midnight,July,Saturday,7
304,2022-05-28,Vadapav,Fastfood,20,15,300,Online,Mr.,Morning,May,Saturday,5
305,2023-03-05,Panipuri,Fastfood,20,4,80,Unknown,Mrs.,Morning,March,Sunday,3
306,2023-03-03,Cold coffee,Beverages,40,8,320,Online,Mrs.,Morning,March,Friday,3
307,2023-02-13,Vadapav,Fastfood,20,8,160,Cash,Mr.,Evening,February,Monday,2
308,2022-12-17,Sandwich,Fastfood,60,13,780,Online,Mr.,Evening,December,Saturday,12
309,2022-10-14,Sandwich,Fastfood,60,8,480,Online,Mr.,Evening,October,Friday,10
310,2022-04-25,Vadapav,Fastfood,20,4,80,Cash,Mr.,Afternoon,April,Monday,4
311,2022-07-31,Frankie,Fastfood,50,7,350,Unknown,Mrs.,Morning,July,Sunday,7
312,2022-12-28,Cold coffee,Beverages,40,1,40,Cash,Mrs.,Night,December,Wednesday,12
313,2022-04-19,Cold coffee,Beverages,40,1,40,Cash,Mr.,Midnight,April,Tuesday,4
314,2023-02-27,Frankie,Fastfood,50,8,400,Online,Mrs.,Morning,February,Monday,2
315,2023-02-20,Cold coffee,Beverages,40,13,520,Online,Mrs.,Afternoon,February,Monday,2
316,2022-11-02,Frankie,Fastfood,50,4,200,Online,Mr.,Morning,November,Wednesday,11
317,2023-03-10,Aalopuri,Fastfood,20,12,240,Online,Mrs.,Afternoon,March,Friday,3
318,2022-12-21,Aalopuri,Fastfood,20,10,200,Online,Mrs.,Midnight,December,Wednesday,12
319,2022-06-30,Frankie,Fastfood,50,15,750,Cash,Mr.,Afternoon,June,Thursday,6
320,2023-03-18,Sugarcane juice,Beverages,25,7,175,Cash,Mrs.,Afternoon,March,Saturday,3
321,2023-02-08,Frankie,Fastfood,50,12,600,Cash,Mrs.,Evening,February,Wednesday,2
322,2022-05-05,Cold coffee,Beverages,40,11,440,Cash,Mr.,Morning,May,Thursday,5
323,2022-12-29,Aalopuri,Fastfood,20,4,80,Cash,Mr.,Morning,December,Thursday,12
324,2022-07-18,Sugarcane juice,Beverages,25,15,375,Online,Mrs.,Night,July,Monday,7
325,2023-03-02,Aalopuri,Fastfood,20,12,240,Unknown,Mrs.,Afternoon,March,Thursday,3
326,2022-05-03,Sandwich,Fastfood,60,8,480,Cash,Mr.,Evening,May,Tuesday,5
327,2022-11-29,Frankie,Fastfood,50,15,750,Cash,Mrs.,Midnight,November,Tuesday,11
328,2022-06-16,Vadapav,Fastfood,20,3,60,Online,Mr.,Evening,June,Thursday,6
329,2023-01-10,Panipuri,Fastfood,20,7,140,Online,Mrs.,Afternoon,January,Tuesday,1
330,2022-09-22,Panipuri,Fastfood,20,8,160,Unknown,Mr.,Morning,September,Thursday,9
331,2022-08-21,Panipuri,Fastfood,20,4,80,Online,Mrs.,Evening,August,Sunday,8
332,2023-02-17,Aalopuri,Fastfood,20,2,40,Unknown,Mrs.,Afternoon,February,Friday,2
333,2022-10-30,Sugarcane juice,Beverages,25,11,275,Cash,Mrs.,Afternoon,October,Sunday,10
334,2022-04-04,Cold coffee,Beverages,40,4,160,Cash,Mrs.,Evening,April,Monday,4
335,2022-10-24,Cold coffee,Beverages,40,11,440,Cash,Mr.,Night,October,Monday,10
336,2022-09-03,Sugarcane juice,Beverages,25,13,325,Unknown,Mrs.,Midnight,September,Saturday,9
337,2022-10-15,Aalopuri,Fastfood,20,14,280,Online,Mrs.,Midnight,October,Saturday,10
338,2022-05-06,Sugarcane juice,Beverages,25,12,300,Cash,Mr.,Morning,May,Friday,5
339,2023-02-16,Sugarcane juice,Beverages,25,1,25,Unknown,Mrs.,Midnight,February,Thursday,2
340,2022-06-02,Cold coffee,Beverages,40,4,160,Cash,Mrs.,Evening,June,Thursday,6
341,2023-03-19,Frankie,Fastfood,50,9,450,Cash,Mrs.,Evening,March,Sunday,3
342,2023-03-11,Vadapav,Fastfood,20,7,140,Online,Mr.,Afternoon,March,Saturday,3
343,2023-01-18,Sugarcane juice,Beverages,25,5,125,Cash,Mr.,Afternoon,January,Wednesday,1
344,2022-05-13,Cold coffee,Beverages,40,14,560,Cash,Mr.,Night,May,Friday,5
345,2022-05-09,Panipuri,Fastfood,20,14,280,Online,Mrs.,Night,May,Monday,5
346,2023-01-31,Cold coffee,Beverages,40,12,480,Cash,Mr.,Morning,January,Tuesday,1
347,2022-06-24,Frankie,Fastfood,50,7,350,Cash,Mrs.,Afternoon,June,Friday,6
348,2022-09-19,Vadapav,Fastfood,20,1,20,Online,Mrs.,Midnight,September,Monday,9
349,2022-08-17,Panipuri,Fastfood,20,5,100,Cash,Mrs.,Evening,August,Wednesday,8
350,2022-09-21,Cold coffee,Beverages,40,8,320,Online,Mrs.,Morning,September,Wednesday,9
351,2022-07-08,Frankie,Fastfood,50,5,250,Online,Mrs.,Night,July,Friday,7
352,2022-05-25,Frankie,Fastfood,50,11,550,Cash,Mrs.,Night,May,Wednesday,5
353,2022-05-18,Vadapav,Fastfood,20,4,80,Online,Mrs.,Midnight,May,Wednesday,5
354,2023-01-16,Panipuri,Fastfood,20,14,280,Online,Mr.,Midnight,January,Monday,1
355,2023-03-15,Cold coffee,Beverages,40,4,160,Online,Mr.,Midnight,March,Wednesday,3
356,2022-05-26,Sugarcane juice,Beverages,25,14,350,Cash,Mrs.,Night,May,Thursday,5
357,2022-09-21,Sandwich,Fastfood,60,9,540,Online,Mrs.,Afternoon,September,Wednesday,9
358,2022-10-27,Aalopuri,Fastfood,20,6,120,Cash,Mr.,Night,October,Thursday,10
359,2022-08-27,Aalopuri,Fastfood,20,13,260,Online,Mrs.,Night,August,Saturday,8
360,2022-10-06,Cold coffee,Beverages,40,2,80,Online,Mrs.,Midnight,October,Thursday,10
361,2022-06-30,Sandwich,Fastfood,60,15,900,Unknown,Mrs.,Night,June,Thursday,6
362,2022-12-30,Sugarcane juice,Beverages,25,2,50,Cash,Mr.,Morning,December,Friday,12
363,2022-05-09,Frankie,Fastfood,50,9,450,Online,Mr.,Afternoon,May,Monday,5
364,2022-10-11,Cold coffee,Beverages,40,2,80,Online,Mr.,Night,October,Tuesday,10
365,2022-07-08,Panipuri,Fastfood,20,10,200,Online,Mr.,Night,July,Friday,7
366,2022-11-30,Sugarcane juice,Beverages,25,10,250,Online,Mrs.,Afternoon,November,Wednesday,11
367,2022-08-10,Panipuri,Fastfood,20,6,120,Unknown,Mr.,Afternoon,August,Wednesday,8
368,2022-08-31,Cold coffee,Beverages,40,2,80,Cash,Mr.,Night,August,Wednesday,8
369,2022-07-03,Sandwich,Fastfood,60,2,120,Online,Mrs.,Evening,July,Sunday,7
370,2022-05-28,Panipuri,Fastfood,20,5,100,Unknown,Mrs.,Midnight,May,Saturday,5
371,2022-10-18,Vadapav,Fastfood,20,5,100,Online,Mrs.,Night,October,Tuesday,10
372,2022-11-19,Frankie,Fastfood,50,12,600,Unknown,Mr.,Morning,November,Saturday,11
373,2022-05-08,Sugarcane juice,Beverages,25,12,300,Cash,Mrs.,Midnight,May,Sunday,5
374,2022-07-24,Frankie,Fastfood,50,10,500,Online,Mr.,Midnight,July,Sunday,7
375,2022-11-17,Panipuri,Fastfood,20,13,260,Cash,Mr.,Evening,November,Thursday,11
376,2022-12-04,Frankie,Fastfood,50,15,750,Cash,Mr.,Midnight,December,Sunday,12
377,2022-05-20,Sugarcane juice,Beverages,25,3,75,Online,Mrs.,Evening,May,Friday,5
378,2022-04-24,Vadapav,Fastfood,20,2,40,Cash,Mrs.,Midnight,April,Sunday,4
379,2023-02-15,Cold coffee,Beverages,40,14,560,Unknown,Mr.,Afternoon,February,Wednesday,2
380,2022-10-20,Sandwich,Fastfood,60,5,300,Online,Mrs.,Afternoon,October,Thursday,10
381,2023-02-26,Vadapav,Fastfood,20,1,20,Online,Mr.,Morning,February,Sunday,2
382,2022-08-16,Cold coffee,Beverages,40,9,360,Cash,Mrs.,Night,August,Tuesday,8
383,2022-05-06,Aalopuri,Fastfood,20,7,140,Online,Mrs.,Morning,May,Friday,5
384,2022-10-22,Sugarcane juice,Beverages,25,1,25,Online,Mr.,Afternoon,October,Saturday,10
385,2022-04-25,Vadapav,Fastfood,20,5,100,Cash,Mr.,Morning,April,Monday,4
386,2022-11-23,Frankie,Fastfood,50,5,250,Online,Mr.,Midnight,November,Wednesday,11
387,2023-03-17,Sugarcane juice,Beverages,25,14,350,Cash,Mrs.,Midnight,March,Friday,3
388,2022-10-09,Sandwich,Fastfood,60,14,840,Cash,Mr.,Evening,October,Sunday,10
389,2022-12-22,Sandwich,Fastfood,60,12,720,Cash,Mrs.,Evening,December,Thursday,12
390,2022-06-18,Sugarcane juice,Beverages,25,5,125,Unknown,Mr.,Midnight,June,Saturday,6
391,2022-04-21,Aalopuri,Fastfood,20,1,20,Online,Mrs.,Night,April,Thursday,4
392,2022-09-18,Aalopuri,Fastfood,20,15,300,Online,Mr.,Night,September,Sunday,9
393,2022-07-02,Sugarcane juice,Beverages,25,10,250,Online,Mrs.,Evening,July,Saturday,7
394,2022-04-03,Sandwich,Fastfood,60,1,60,Cash,Mrs.,Morning,April,Sunday,4
395,2023-01-31,Sandwich,Fastfood,60,3,180,Cash,Mrs.,Evening,January,Tuesday,1
396,2022-10-31,Frankie,Fastfood,50,15,750,Online,Mr.,Morning,October,Monday,10
397,2022-07-06,Aalopuri,Fastfood,20,2,40,Online,Mrs.,Afternoon,July,Wednesday,7
398,2023-01-13,Panipuri,Fastfood,20,6,120,Online,Mr.,Evening,January,Friday,1
399,2022-06-24,Panipuri,Fastfood,20,9,180,Cash,Mrs.,Evening,June,Friday,6
400,2023-03-04,Cold coffee,Beverages,40,15,600,Cash,Mrs.,Morning,March,Saturday,3
401,2022-10-11,Sugarcane juice,Beverages,25,8,200,Online,Mrs.,Midnight,October,Tuesday,10
402,2023-03-19,Frankie,Fastfood,50,7,350,Cash,Mr.,Night,March,Sunday,3
403,2022-09-25,Cold coffee,Beverages,40,3,120,Online,Mrs.,Midnight,September,Sunday,9
404,2022-11-26,Frankie,Fastfood,50,7,350,Cash,Mrs.,Midnight,November,Saturday,11
405,2022-12-13,Sugarcane juice,Beverages,25,10,250,Cash,Mr.,Night,December,Tuesday,12
406,2022-10-13,Cold coffee,Beverages,40,4,160,Online,Mrs.,Afternoon,October,Thursday,10
407,2023-01-02,Sugarcane juice,Beverages,25,2,50,Cash,Mr.,Evening,January,Monday,1
408,2022-10-05,Vadapav,Fastfood,20,4,80,Online,Mr.,Midnight,October,Wednesday,10
409,2022-09-15,Aalopuri,Fastfood,20,9,180,Cash,Mrs.,Morning,September,Thursday,9
410,2022-11-23,Aalopuri,Fastfood,20,15,300,Online,Mr.,Afternoon,November,Wednesday,11
411,2022-11-20,Panipuri,Fastfood,20,12,240,Cash,Mr.,Afternoon,November,Sunday,11
412,2023-03-09,Sugarcane juice,Beverages,25,14,350,Unknown,Mr.,Afternoon,March,Thursday,3
413,2022-04-03,Aalopuri,Fastfood,20,10,200,Online,Mrs.,Midnight,April,Sunday,4
414,2023-01-21,Cold coffee,Beverages,40,13,520,Unknown,Mr.,Night,January,Saturday,1
415,2022-12-05,Vadapav,Fastfood,20,8,160,Online,Mr.,Evening,December,Monday,12
416,2022-08-05,Sandwich,Fastfood,60,9,540,Unknown,Mr.,Morning,August,Friday,8
417,2023-01-16,Panipuri,Fastfood,20,3,60,Cash,Mr.,Evening,January,Monday,1
418,2022-11-12,Cold coffee,Beverages,40,7,280,Online,Mr.,Night,November,Saturday,11
419,2022-10-08,Sugarcane juice,Beverages,25,14,350,Unknown,Mrs.,Midnight,October,Saturday,10
420,2023-01-30,Frankie,Fastfood,50,13,650,Online,Mrs.,Evening,January,Monday,1
421,2023-03-24,Cold coffee,Beverages,40,2,80,Online,Mr.,Midnight,March,Friday,3
422,2022-08-02,Cold coffee,Beverages,40,7,280,Online,Mr.,Evening,August,Tuesday,8
423,2022-10-21,Frankie,Fastfood,50,7,350,Cash,Mrs.,Night,October,Friday,10
424,2022-04-21,Sugarcane juice,Beverages,25,9,225,Online,Mrs.,Midnight,April,Thursday,4
425,2022-08-17,Panipuri,Fastfood,20,14,280,Online,Mr.,Afternoon,August,Wednesday,8
426,2023-01-20,Frankie,Fastfood,50,14,700,Cash,Mr.,Midnight,January,Friday,1
427,2022-05-21,Sandwich,Fastfood,60,2,120,Online,Mr.,Afternoon,May,Saturday,5
428,2022-12-24,Sugarcane juice,Beverages,25,8,200,Online,Mr.,Afternoon,December,Saturday,12
429,2022-09-19,Cold coffee,Beverages,40,3,120,Online,Mr.,Night,September,Monday,9
430,2022-11-05,Sandwich,Fastfood,60,4,240,Online,Mr.,Night,November,Saturday,11
431,2023-03-16,Panipuri,Fastfood,20,6,120,Online,Mr.,Evening,March,Thursday,3
432,2023-03-27,Panipuri,Fastfood,20,6,120,Online,Mr.,Afternoon,March,Monday,3
433,2022-05-27,Panipuri,Fastfood,20,14,280,Online,Mrs.,Evening,May,Friday,5
434,2022-08-21,Aalopuri,Fastfood,20,12,240,Cash,Mr.,Morning,August,Sunday,8
435,2022-05-08,Sandwich,Fastfood,60,1,60,Cash,Mrs.,Afternoon,May,Sunday,5
436,2023-01-05,Frankie,Fastfood,50,10,500,Cash,Mr.,Midnight,January,Thursday,1
437,2022-08-31,Cold coffee,Beverages,40,1,40,Unknown,Mr.,Morning,August,Wednesday,8
438,2022-06-20,Cold coffee,Beverages,40,5,200,Online,Mr.,Morning,June,Monday,6
439,2022-09-30,Frankie,Fastfood,50,13,650,Online,Mr.,Afternoon,September,Friday,9
440,2022-11-28,Aalopuri,Fastfood,20,7,140,Cash,Mr.,Afternoon,November,Monday,11
441,2022-11-02,Aalopuri,Fastfood,20,1,20,Online,Mrs.,Midnight,November,Wednesday,11
442,2022-08-22,Sugarcane juice,Beverages,25,7,175,Online,Mrs.,Night,August,Monday,8
443,2022-09-05,Sugarcane juice,Beverages,25,12,300,Cash,Mrs.,Night,September,Monday,9
444,2022-09-28,Frankie,Fastfood,50,4,200,Unknown,Mr.,Evening,September,Wednesday,9
445,2022-10-22,Sandwich,Fastfood,60,14,840,Online,Mrs.,Morning,October,Saturday,10
446,2022-08-31,Cold coffee,Beverages,40,9,360,Cash,Mr.,Night,August,Wednesday,8
447,2023-01-17,Frankie,Fastfood,50,6,300,Online,Mrs.,Afternoon,January,Tuesday,1
448,2022-07-27,Vadapav,Fastfood,20,6,120,Cash,Mrs.,Evening,July,Wednesday,7
449,2022-09-09,Frankie,Fastfood,50,4,200,Cash,Mr.,Afternoon,September,Friday,9
450,2022-05-20,Sugarcane juice,Beverages,25,1,25,Online,Mr.,Morning,May,Friday,5
451,2023-03-15,Sugarcane juice,Beverages,25,10,250,Cash,Mrs.,Midnight,March,Wednesday,3
452,2022-12-25,Frankie,Fastfood,50,5,250,Online,Mr.,Afternoon,December,Sunday,12
453,2022-10-20,Sandwich,Fastfood,60,1,60,Online,Mrs.,Midnight,October,Thursday,10
454,2023-03-07,Sandwich,Fastfood,60,1,60,Online,Mrs.,Evening,March,Tuesday,3
455,2023-03-01,Cold coffee,Beverages,40,11,440,Cash,Mr.,Midnight,March,Wednesday,3
456,2022-12-31,Cold coffee,Beverages,40,13,520,Unknown,Mrs.,Night,December,Saturday,12
457,2022-10-16,Cold coffee,Beverages,40,11,440,Cash,Mr.,Evening,October,Sunday,10
458,2022-09-12,Sugarcane juice,Beverages,25,8,200,Cash,Mrs.,Midnight,September,Monday,9
459,2022-06-08,Vadapav,Fastfood,20,14,280,Cash,Mr.,Night,June,Wednesday,6
460,2022-11-20,Aalopuri,Fastfood,20,2,40,Cash,Mr.,Morning,November,Sunday,11
461,2022-07-22,Sugarcane juice,Beverages,25,5,125,Cash,Mr.,Midnight,July,Friday,7
462,2022-04-24,Vadapav,Fastfood,20,3,60,Cash,Mr.,Morning,April,Sunday,4
463,2022-06-11,Sandwich,Fastfood,60,6,360,Online,Mr.,Midnight,June,Saturday,6
464,2022-10-18,Sugarcane juice,Beverages,25,13,325,Cash,Mr.,Morning,October,Tuesday,10
465,2023-01-15,Sugarcane juice,Beverages,25,12,300,Online,Mr.,Evening,January,Sunday,1
466,2023-01-11,Panipuri,Fastfood,20,6,120,Cash,Mr.,Evening,January,Wednesday,1
467,2022-10-17,Aalopuri,Fastfood,20,11,220,Online,Mr.,Morning,October,Monday,10
468,2022-09-08,Panipuri,Fastfood,20,2,40,Cash,Mr.,Evening,September,Thursday,9
469,2022-05-15,Sandwich,Fastfood,60,7,420,Online,Mrs.,Morning,May,Sunday,5
470,2022-09-29,Vadapav,Fastfood,20,8,160,Cash,Mrs.,Morning,September,Thursday,9
471,2023-02-13,Panipuri,Fastfood,20,7,140,Cash,Mrs.,Afternoon,February,Monday,2
472,2023-01-11,Panipuri,Fastfood,20,10,200,Unknown,Mr.,Midnight,January,Wednesday,1
473,2022-09-04,Sandwich,Fastfood,60,5,300,Cash,Mrs.,Evening,September,Sunday,9
474,2022-08-28,Sugarcane juice,Beverages,25,15,375,Cash,Mrs.,Night,August,Sunday,8
475,2023-02-24,Cold coffee,Beverages,40,6,240,Cash,Mrs.,Night,February,Friday,2
476,2023-02-02,Aalopuri,Fastfood,20,10,200,Cash,Mr.,Morning,February,Thursday,2
477,2023-02-13,Sandwich,Fastfood,60,15,900,Cash,Mrs.,Midnight,February,Monday,2
478,2022-12-27,Sugarcane juice,Beverages,25,9,225,Cash,Mrs.,Afternoon,December,Tuesday,12
479,2023-02-13,Sandwich,Fastfood,60,11,660,Cash,Mrs.,Afternoon,February,Monday,2
480,2022-10-02,Vadapav,Fastfood,20,12,240,Cash,Mr.,Evening,October,Sunday,10
481,2022-10-29,Sugarcane juice,Beverages,25,4,100,Cash,Mr.,Evening,October,Saturday,10
482,2023-01-31,Aalopuri,Fastfood,20,1,20,Online,Mr.,Afternoon,January,Tuesday,1
483,2022-04-27,Panipuri,Fastfood,20,9,180,Cash,Mrs.,Morning,April,Wednesday,4
484,2023-03-21,Cold coffee,Beverages,40,5,200,Cash,Mrs.,Afternoon,March,Tuesday,3
485,2023-02-26,Aalopuri,Fastfood,20,6,120,Cash,Mrs.,Midnight,February,Sunday,2
486,2023-02-14,Vadapav,Fastfood,20,6,120,Cash,Mrs.,Midnight,February,Tuesday,2
487,2022-05-27,Sandwich,Fastfood,60,9,540,Cash,Mrs.,Midnight,May,Friday,5
488,2022-09-21,Cold coffee,Beverages,40,10,400,Cash,Mr.,Midnight,September,Wednesday,9
489,2023-02-03,Frankie,Fastfood,50,13,650,Online,Mrs.,Evening,February,Friday,2
490,2022-12-26,Cold coffee,Beverages,40,8,320,Cash,Mr.,Morning,December,Monday,12
491,2022-05-31,Vadapav,Fastfood,20,2,40,Online,Mrs.,Midnight,May,Tuesday,5
492,2022-07-11,Sandwich,Fastfood,60,15,900,Cash,Mr.,Afternoon,July,Monday,7
493,2022-10-02,Cold coffee,Beverages,40,2,80,Online,Mr.,Morning,October,Sunday,10
494,2023-01-14,Cold coffee,Beverages,40,10,400,Cash,Mrs.,Night,January,Saturday,1
495,2022-10-20,Aalopuri,Fastfood,20,13,260,Online,Mrs.,Midnight,October,Thursday,10
496,2022-11-07,Cold coffee,Beverages,40,10,400,Online,Mrs.,Night,November,Monday,11
497,2023-01-25,Sandwich,Fastfood,60,7,420,Cash,Mr.,Midnight,January,Wednesday,1
498,2022-06-16,Frankie,Fastfood,50,1,50,Cash,Mr.,Midnight,June,Thursday,6
499,2022-07-27,Sandwich,Fastfood,60,8,480,Online,Mrs.,Evening,July,Wednesday,7
500,2022-04-08,Vadapav,Fastfood,20,4,80,Online,Mrs.,Midnight,April,Friday,4
501,2022-08-09,Sugarcane juice,Beverages,25,14,350,Online,Mrs.,Afternoon,August,Tuesday,8
502,2023-01-04,Panipuri,Fastfood,20,13,260,Online,Mr.,Night,January,Wednesday,1
503,2022-11-04,Aalopuri,Fastfood,20,13,260,Cash,Mrs.,Morning,November,Friday,11
504,2022-12-09,Cold coffee,Beverages,40,8,320,Cash,Mr.,Evening,December,Friday,12
505,2023-02-12,Frankie,Fastfood,50,4,200,Cash,Mr.,Night,February,Sunday,2
506,2022-12-26,Cold coffee,Beverages,40,12,480,Cash,Mrs.,Midnight,December,Monday,12
507,2022-12-14,Aalopuri,Fastfood,20,14,280,Online,Mrs.,Morning,December,Wednesday,12
508,2022-12-10,Sandwich,Fastfood,60,1,60,Cash,Mr.,Night,December,Saturday,12
509,2022-10-26,Vadapav,Fastfood,20,11,220,Online,Mr.,Evening,October,Wednesday,10
510,2022-04-04,Sandwich,Fastfood,60,14,840,Online,Mr.,Afternoon,April,Monday,4
511,2022-08-02,Panipuri,Fastfood,20,4,80,Cash,Mrs.,Night,August,Tuesday,8
512,2023-01-11,Panipuri,Fastfood,20,3,60,Cash,Mrs.,Afternoon,January,Wednesday,1
513,2022-07-16,Cold coffee,Beverages,40,5,200,Cash,Mrs.,Night,July,Saturday,7
514,2022-08-24,Cold coffee,Beverages,40,8,320,Online,Mrs.,Evening,August,Wednesday,8
515,2022-11-02,Sandwich,Fastfood,60,7,420,Unknown,Mrs.,Night,November,Wednesday,11
516,2022-09-22,Sugarcane juice,Beverages,25,12,300,Online,Mrs.,Midnight,September,Thursday,9
517,2022-07-02,Panipuri,Fastfood,20,13,260,Online,Mr.,Evening,July,Saturday,7
518,2022-12-09,Aalopuri,Fastfood,20,6,120,Cash,Mrs.,Morning,December,Friday,12
519,2022-11-25,Cold coffee,Beverages,40,10,400,Cash,Mr.,Morning,November,Friday,11
520,2022-04-03,Panipuri,Fastfood,20,11,220,Online,Mrs.,Night,April,Sunday,4
521,2023-01-27,Panipuri,Fastfood,20,14,280,Online,Mr.,Morning,January,Friday,1
522,2022-12-29,Panipuri,Fastfood,20,13,260,Cash,Mrs.,Midnight,December,Thursday,12
523,2022-11-03,Frankie,Fastfood,50,6,300,Cash,Mr.,Afternoon,November,Thursday,11
524,2022-05-01,Aalopuri,Fastfood,20,13,260,Online,Mr.,Afternoon,May,Sunday,5
525,2022-05-04,Vadapav,Fastfood,20,3,60,Cash,Mr.,Midnight,May,Wednesday,5
526,2022-07-04,Sandwich,Fastfood,60,10,600,Cash,Mrs.,Evening,July,Monday,7
527,2023-01-06,Sugarcane juice,Beverages,25,6,150,Cash,Mrs.,Afternoon,January,Friday,1
528,2022-07-01,Sugarcane juice,Beverages,25,7,175,Cash,Mrs.,Midnight,July,Friday,7
529,2022-05-15,Aalopuri,Fastfood,20,12,240,Unknown,Mrs.,Afternoon,May,Sunday,5
530,2022-07-27,Panipuri,Fastfood,20,6,120,Cash,Mrs.,Night,July,Wednesday,7
531,2022-10-04,Cold coffee,Beverages,40,10,400,Cash,Mr.,Night,October,Tuesday,10
532,2023-03-27,Panipuri,Fastfood,20,13,260,Online,Mrs.,Midnight,March,Monday,3
533,2023-02-05,Frankie,Fastfood,50,2,100,Unknown,Mrs.,Night,February,Sunday,2
534,2022-05-16,Vadapav,Fastfood,20,2,40,Online,Mrs.,Night,May,Monday,5
535,2022-09-05,Sandwich,Fastfood,60,4,240,Online,Mr.,Midnight,September,Monday,9
536,2023-03-01,Sugarcane juice,Beverages,25,7,175,Cash,Mrs.,Evening,March,Wednesday,3
537,2023-01-25,Panipuri,Fastfood,20,3,60,Cash,Mr.,Evening,January,Wednesday,1
538,2022-06-05,Panipuri,Fastfood,20,7,140,Online,Mr.,Morning,June,Sunday,6
539,2022-09-07,Panipuri,Fastfood,20,3,60,Online,Mr.,Evening,September,Wednesday,9
540,2022-05-27,Vadapav,Fastfood,20,13,260,Cash,Mr.,Afternoon,May,Friday,5
541,2022-07-30,Panipuri,Fastfood,20,12,240,Cash,Mr.,Night,July,Saturday,7
542,2022-08-04,Sugarcane juice,Beverages,25,9,225,Cash,Mr.,Evening,August,Thursday,8
543,2022-04-10,Aalopuri,Fastfood,20,15,300,Cash,Mrs.,Evening,April,Sunday,4
544,2022-12-14,Sandwich,Fastfood,60,15,900,Online,Mrs.,Morning,December,Wednesday,12
545,2023-01-01,Sandwich,Fastfood,60,13,780,Online,Mrs.,Midnight,January,Sunday,1
546,2022-07-09,Aalopuri,Fastfood,20,1,20,Cash,Mrs.,Midnight,July,Saturday,7
547,2022-05-14,Cold coffee,Beverages,40,10,400,Online,Mr.,Morning,May,Saturday,5
548,2023-03-29,Cold coffee,Beverages,40,14,560,Cash,Mr.,Afternoon,March,Wednesday,3
549,2022-04-15,Sugarcane juice,Beverages,25,3,75,Online,Mr.,Afternoon,April,Friday,4
550,2022-11-15,Cold coffee,Beverages,40,15,600,Online,Mr.,Afternoon,November,Tuesday,11
551,2022-07-30,Sugarcane juice,Beverages,25,7,175,Cash,Mr.,Evening,July,Saturday,7
552,2022-09-12,Sugarcane juice,Beverages,25,15,375,Cash,Mrs.,Midnight,September,Monday,9
553,2022-11-11,Panipuri,Fastfood,20,14,280,Cash,Mr.,Evening,November,Friday,11
554,2023-03-09,Panipuri,Fastfood,20,4,80,Cash,Mrs.,Afternoon,March,Thursday,3
555,2022-04-16,Sandwich,Fastfood,60,6,360,Cash,Mrs.,Evening,April,Saturday,4
556,2023-02-27,Vadapav,Fastfood,20,9,180,Cash,Mrs.,Night,February,Monday,2
557,2022-06-30,Sandwich,Fastfood,60,2,120,Cash,Mrs.,Evening,June,Thursday,6
558,2022-10-01,Panipuri,Fastfood,20,5,100,Online,Mr.,Morning,October,Saturday,10
559,2022-08-31,Cold coffee,Beverages,40,5,200,Online,Mrs.,Night,August,Wednesday,8
560,2022-12-10,Sugarcane juice,Beverages,25,1,25,Cash,Mr.,Evening,December,Saturday,12
561,2022-06-13,Panipuri,Fastfood,20,1,20,Cash,Mrs.,Midnight,June,Monday,6
562,2022-08-09,Frankie,Fastfood,50,4,200,Cash,Mr.,Afternoon,August,Tuesday,8
563,2022-10-13,Frankie,Fastfood,50,7,350,Online,Mrs.,Evening,October,Thursday,10
564,2022-09-27,Cold coffee,Beverages,40,2,80,Unknown,Mr.,Morning,September,Tuesday,9
565,2022-09-27,Panipuri,Fastfood,20,15,300,Cash,Mr.,Evening,September,Tuesday,9
566,2022-07-19,Frankie,Fastfood,50,3,150,Cash,Mr.,Evening,July,Tuesday,7
567,2022-10-16,Cold coffee,Beverages,40,7,280,Online,Mrs.,Afternoon,October,Sunday,10
568,2022-12-29,Panipuri,Fastfood,20,12,240,Unknown,Mrs.,Afternoon,December,Thursday,12
569,2023-01-02,Cold coffee,Beverages,40,15,600,Online,Mrs.,Midnight,January,Monday,1
570,2022-09-15,Sugarcane juice,Beverages,25,4,100,Cash,Mr.,Morning,September,Thursday,9
571,2022-11-28,Sugarcane juice,Beverages,25,1,25,Cash,Mrs.,Evening,November,Monday,11
572,2022-04-02,Sandwich,Fastfood,60,15,900,Cash,Mr.,Afternoon,April,Saturday,4
573,2022-09-07,Frankie,Fastfood,50,2,100,Cash,Mr.,Afternoon,September,Wednesday,9
574,2022-10-22,Aalopuri,Fastfood,20,1,20,Cash,Mrs.,Night,October,Saturday,10
575,2022-12-24,Vadapav,Fastfood,20,1,20,Online,Mrs.,Midnight,December,Saturday,12
576,2023-03-23,Panipuri,Fastfood,20,12,240,Cash,Mrs.,Afternoon,March,Thursday,3
577,2022-09-06,Cold coffee,Beverages,40,7,280,Cash,Mr.,Evening,September,Tuesday,9
578,2022-06-30,Frankie,Fastfood,50,5,250,Online,Mrs.,Night,June,Thursday,6
579,2022-04-27,Panipuri,Fastfood,20,2,40,Cash,Mr.,Evening,April,Wednesday,4
580,2022-07-01,Panipuri,Fastfood,20,10,200,Online,Mr.,Night,July,Friday,7
581,2022-04-23,Sugarcane juice,Beverages,25,13,325,Cash,Mr.,Afternoon,April,Saturday,4
582,2022-05-12,Aalopuri,Fastfood,20,13,260,Cash,Mr.,Morning,May,Thursday,5
583,2022-05-31,Frankie,Fastfood,50,8,400,Cash,Mr.,Night,May,Tuesday,5
584,2022-12-04,Cold coffee,Beverages,40,15,600,Cash,Mr.,Morning,December,Sunday,12
585,2023-03-05,Vadapav,Fastfood,20,11,220,Cash,Mrs.,Morning,March,Sunday,3
586,2022-05-22,Sandwich,Fastfood,60,15,900,Online,Mr.,Night,May,Sunday,5
587,2022-04-09,Aalopuri,Fastfood,20,10,200,Cash,Mrs.,Night,April,Saturday,4
588,2022-06-16,Frankie,Fastfood,50,11,550,Cash,Mrs.,Morning,June,Thursday,6
589,2022-08-25,Cold coffee,Beverages,40,5,200,Cash,Mr.,Night,August,Thursday,8
590,2023-03-27,Panipuri,Fastfood,20,15,300,Online,Mr.,Midnight,March,Monday,3
591,2022-10-01,Sandwich,Fastfood,60,13,780,Cash,Mrs.,Morning,October,Saturday,10
592,2022-12-04,Sugarcane juice,Beverages,25,7,175,Cash,Mr.,Morning,December,Sunday,12
593,2023-02-16,Sugarcane juice,Beverages,25,9,225,Cash,Mrs.,Evening,February,Thursday,2
594,2023-01-20,Frankie,Fastfood,50,6,300,Cash,Mrs.,Morning,January,Friday,1
595,2023-02-22,Frankie,Fastfood,50,9,450,Online,Mr.,Afternoon,February,Wednesday,2
596,2022-04-26,Cold coffee,Beverages,40,1,40,Online,Mrs.,Night,April,Tuesday,4
597,2022-11-30,Panipuri,Fastfood,20,10,200,Online,Mr.,Midnight,November,Wednesday,11
598,2022-08-02,Cold coffee,Beverages,40,8,320,Cash,Mrs.,Afternoon,August,Tuesday,8
599,2022-10-03,Frankie,Fastfood,50,13,650,Cash,Mr.,Morning,October,Monday,10
600,2022-12-24,Panipuri,Fastfood,20,6,120,Cash,Mrs.,Morning,December,Saturday,12
601,2022-11-01,Aalopuri,Fastfood,20,12,240,Online,Mr.,Morning,November,Tuesday,11
602,2022-08-27,Aalopuri,Fastfood,20,10,200,Cash,Mr.,Night,August,Saturday,8
603,2022-08-31,Vadapav,Fastfood,20,10,200,Cash,Mrs.,Afternoon,August,Wednesday,8
604,2022-09-08,Frankie,Fastfood,50,10,500,Cash,Mrs.,Night,September,Thursday,9
605,2022-04-04,Cold coffee,Beverages,40,15,600,Unknown,Mrs.,Afternoon,April,Monday,4
606,2022-04-09,Cold coffee,Beverages,40,6,240,Cash,Mrs.,Night,April,Saturday,4
607,2022-12-15,Vadapav,Fastfood,20,9,180,Cash,Mrs.,Afternoon,December,Thursday,12
608,2023-02-28,Aalopuri,Fastfood,20,1,20,Online,Mr.,Midnight,February,Tuesday,2
609,2023-02-07,Aalopuri,Fastfood,20,14,280,Unknown,Mr.,Midnight,February,Tuesday,2
610,2022-05-08,Frankie,Fastfood,50,13,650,Online,Mrs.,Evening,May,Sunday,5
611,2022-06-25,Aalopuri,Fastfood,20,2,40,Online,Mrs.,Morning,June,Saturday,6
612,2023-02-06,Aalopuri,Fastfood,20,3,60,Online,Mr.,Midnight,February,Monday,2
613,2022-06-10,Vadapav,Fastfood,20,5,100,Online,Mrs.,Night,June,Friday,6
614,2022-12-19,Vadapav,Fastfood,20,2,40,Unknown,Mr.,Morning,December,Monday,12
615,2022-08-14,Sandwich,Fastfood,60,14,840,Unknown,Mr.,Morning,August,Sunday,8
616,2022-07-15,Vadapav,Fastfood,20,6,120,Online,Mrs.,Midnight,July,Friday,7
617,2022-06-28,Sugarcane juice,Beverages,25,2,50,Cash,Mr.,Night,June,Tuesday,6
618,2022-04-08,Frankie,Fastfood,50,1,50,Online,Mr.,Evening,April,Friday,4
619,2022-09-09,Sugarcane juice,Beverages,25,4,100,Cash,Mrs.,Morning,September,Friday,9
620,2022-09-14,Panipuri,Fastfood,20,12,240,Online,Mrs.,Evening,September,Wednesday,9
621,2023-02-13,Aalopuri,Fastfood,20,2,40,Online,Mrs.,Evening,February,Monday,2
622,2022-12-14,Panipuri,Fastfood,20,13,260,Online,Mr.,Afternoon,December,Wednesday,12
623,2022-04-02,Cold coffee,Beverages,40,15,600,Cash,Mr.,Midnight,April,Saturday,4
624,2023-03-08,Sandwich,Fastfood,60,9,540,Cash,Mrs.,Morning,March,Wednesday,3
625,2022-06-17,Sandwich,Fastfood,60,15,900,Online,Mr.,Morning,June,Friday,6
626,2023-02-01,Cold coffee,Beverages,40,15,600,Cash,Mr.,Night,February,Wednesday,2
627,2022-06-22,Sugarcane juice,Beverages,25,15,375,Online,Mr.,Afternoon,June,Wednesday,6
628,2022-05-02,Cold coffee,Beverages,40,10,400,Unknown,Mrs.,Night,May,Monday,5
629,2023-01-20,Sugarcane juice,Beverages,25,9,225,Cash,Mrs.,Evening,January,Friday,1
630,2022-05-27,Frankie,Fastfood,50,7,350,Unknown,Mrs.,Morning,May,Friday,5
631,2022-07-01,Cold coffee,Beverages,40,13,520,Cash,Mrs.,Evening,July,Friday,7
632,2022-10-28,Panipuri,Fastfood,20,9,180,Online,Mrs.,Night,October,Friday,10
633,2022-05-24,Cold coffee,Beverages,40,3,120,Online,Mr.,Evening,May,Tuesday,5
634,2022-07-26,Panipuri,Fastfood,20,13,260,Cash,Mr.,Afternoon,July,Tuesday,7
635,2023-02-06,Vadapav,Fastfood,20,15,300,Online,Mrs.,Night,February,Monday,2
636,2022-04-26,Cold coffee,Beverages,40,12,480,Unknown,Mr.,Morning,April,Tuesday,4
637,2022-05-14,Aalopuri,Fastfood,20,7,140,Cash,Mr.,Midnight,May,Saturday,5
638,2022-08-20,Cold coffee,Beverages,40,11,440,Online,Mrs.,Afternoon,August,Saturday,8
639,2023-01-26,Vadapav,Fastfood,20,14,280,Cash,Mrs.,Morning,January,Thursday,1
640,2023-01-04,Sandwich,Fastfood,60,15,900,Online,Mr.,Night,January,Wednesday,1
641,2023-02-09,Vadapav,Fastfood,20,15,300,Cash,Mr.,Afternoon,February,Thursday,2
642,2022-05-09,Cold coffee,Beverages,40,10,400,Online,Mrs.,Morning,May,Monday,5
643,2022-10-20,Sugarcane juice,Beverages,25,2,50,Cash,Mr.,Afternoon,October,Thursday,10
644,2023-02-03,Panipuri,Fastfood,20,5,100,Online,Mrs.,Evening,February,Friday,2
645,2022-07-26,Sandwich,Fastfood,60,9,540,Cash,Mrs.,Night,July,Tuesday,7
646,2022-08-30,Vadapav,Fastfood,20,14,280,Online,Mrs.,Afternoon,August,Tuesday,8
647,2022-06-05,Vadapav,Fastfood,20,3,60,Cash,Mr.,Afternoon,June,Sunday,6
648,2022-05-27,Sandwich,Fastfood,60,7,420,Cash,Mr.,Night,May,Friday,5
649,2022-11-05,Frankie,Fastfood,50,9,450,Cash,Mr.,Midnight,November,Saturday,11
650,2022-04-07,Sandwich,Fastfood,60,13,780,Online,Mrs.,Morning,April,Thursday,4
651,2022-07-11,Sandwich,Fastfood,60,10,600,Online,Mrs.,Midnight,July,Monday,7
652,2022-05-21,Cold coffee,Beverages,40,13,520,Online,Mrs.,Afternoon,May,Saturday,5
653,2022-05-30,Frankie,Fastfood,50,10,500,Online,Mrs.,Midnight,May,Monday,5
654,2023-03-04,Vadapav,Fastfood,20,9,180,Cash,Mrs.,Morning,March,Saturday,3
655,2022-06-30,Sugarcane juice,Beverages,25,12,300,Online,Mr.,Morning,June,Thursday,6
656,2022-11-28,Sandwich,Fastfood,60,6,360,Online,Mrs.,Midnight,November,Monday,11
657,2023-01-10,Cold coffee,Beverages,40,7,280,Unknown,Mr.,Midnight,January,Tuesday,1
658,2022-10-10,Aalopuri,Fastfood,20,12,240,Unknown,Mrs.,Afternoon,October,Monday,10
659,2023-01-21,Panipuri,Fastfood,20,2,40,Online,Mr.,Afternoon,January,Saturday,1
660,2022-07-25,Sandwich,Fastfood,60,9,540,Cash,Mrs.,Night,July,Monday,7
661,2022-10-11,Frankie,Fastfood,50,7,350,Online,Mrs.,Midnight,October,Tuesday,10
662,2023-02-15,Panipuri,Fastfood,20,3,60,Online,Mrs.,Afternoon,February,Wednesday,2
663,2023-02-05,Sugarcane juice,Beverages,25,1,25,Online,Mr.,Night,February,Sunday,2
664,2022-10-31,Frankie,Fastfood,50,10,500,Online,Mrs.,Morning,October,Monday,10
665,2022-05-06,Aalopuri,Fastfood,20,14,280,Online,Mrs.,Evening,May,Friday,5
666,2023-01-25,Panipuri,Fastfood,20,9,180,Cash,Mr.,Evening,January,Wednesday,1
667,2022-09-28,Vadapav,Fastfood,20,3,60,Cash,Mrs.,Evening,September,Wednesday,9
668,2022-05-11,Aalopuri,Fastfood,20,4,80,Online,Mr.,Morning,May,Wednesday,5
669,2023-03-18,Sandwich,Fastfood,60,11,660,Online,Mr.,Evening,March,Saturday,3
670,2022-07-05,Panipuri,Fastfood,20,15,300,Cash,Mr.,Night,July,Tuesday,7
671,2022-10-09,Sandwich,Fastfood,60,2,120,Online,Mr.,Afternoon,October,Sunday,10
672,2022-11-24,Cold coffee,Beverages,40,3,120,Unknown,Mrs.,Evening,November,Thursday,11
673,2022-09-17,Sandwich,Fastfood,60,12,720,Cash,Mr.,Midnight,September,Saturday,9
674,2022-07-17,Sugarcane juice,Beverages,25,13,325,Unknown,Mr.,Morning,July,Sunday,7
675,2022-04-17,Sandwich,Fastfood,60,12,720,Cash,Mr.,Night,April,Sunday,4
676,2022-05-04,Frankie,Fastfood,50,7,350,Cash,Mrs.,Evening,May,Wednesday,5
677,2022-05-19,Cold coffee,Beverages,40,3,120,Online,Mrs.,Morning,May,Thursday,5
678,2022-05-23,Aalopuri,Fastfood,20,3,60,Online,Mr.,Evening,May,Monday,5
679,2022-11-02,Sandwich,Fastfood,60,12,720,Online,Mr.,Morning,November,Wednesday,11
680,2022-04-20,Cold coffee,Beverages,40,4,160,Cash,Mr.,Night,April,Wednesday,4
681,2022-12-09,Frankie,Fastfood,50,9,450,Online,Mrs.,Night,December,Friday,12
682,2022-10-11,Aalopuri,Fastfood,20,14,280,Online,Mr.,Midnight,October,Tuesday,10
683,2022-08-12,Frankie,Fastfood,50,15,750,Cash,Mr.,Midnight,August,Friday,8
684,2022-09-18,Vadapav,Fastfood,20,5,100,Cash,Mr.,Afternoon,September,Sunday,9
685,2022-05-20,Aalopuri,Fastfood,20,3,60,Cash,Mrs.,Afternoon,May,Friday,5
686,2022-11-25,Cold coffee,Beverages,40,5,200,Cash,Mr.,Afternoon,November,Friday,11
687,2022-12-18,Vadapav,Fastfood,20,10,200,Cash,Mrs.,Midnight,December,Sunday,12
688,2022-05-14,Frankie,Fastfood,50,5,250,Online,Mr.,Afternoon,May,Saturday,5
689,2022-08-13,Vadapav,Fastfood,20,6,120,Cash,Mrs.,Afternoon,August,Saturday,8
690,2022-10-05,Vadapav,Fastfood,20,9,180,Cash,Mrs.,Night,October,Wednesday,10
691,2022-04-01,Sandwich,Fastfood,60,7,420,Cash,Mrs.,Evening,April,Friday,4
692,2023-01-13,Frankie,Fastfood,50,14,700,Online,Mr.,Afternoon,January,Friday,1
693,2022-11-29,Sugarcane juice,Beverages,25,13,325,Online,Mrs.,Midnight,November,Tuesday,11
694,2022-04-22,Panipuri,Fastfood,20,14,280,Cash,Mr.,Midnight,April,Friday,4
695,2022-08-24,Panipuri,Fastfood,20,10,200,Online,Mrs.,Midnight,August,Wednesday,8
696,2023-02-23,Sugarcane juice,Beverages,25,3,75,Online,Mrs.,Evening,February,Thursday,2
697,2022-05-05,Sugarcane juice,Beverages,25,5,125,Cash,Mr.,Midnight,May,Thursday,5
698,2022-11-26,Panipuri,Fastfood,20,10,200,Online,Mr.,Night,November,Saturday,11
699,2022-09-09,Cold coffee,Beverages,40,1,40,Online,Mr.,Evening,September,Friday,9
700,2022-11-15,Frankie,Fastfood,50,6,300,Cash,Mrs.,Evening,November,Tuesday,11
701,2022-07-19,Sugarcane juice,Beverages,25,14,350,Online,Mrs.,Evening,July,Tuesday,7
702,2023-03-25,Cold coffee,Beverages,40,13,520,Cash,Mrs.,Afternoon,March,Saturday,3
703,2022-11-01,Panipuri,Fastfood,20,10,200,Online,Mrs.,Afternoon,November,Tuesday,11
704,2022-08-14,Sandwich,Fastfood,60,1,60,Online,Mrs.,Evening,August,Sunday,8
705,2022-10-07,Sandwich,Fastfood,60,6,360,Online,Mr.,Evening,October,Friday,10
706,2023-02-05,Frankie,Fastfood,50,8,400,Online,Mr.,Night,February,Sunday,2
707,2022-12-16,Panipuri,Fastfood,20,2,40,Online,Mr.,Night,December,Friday,12
708,2023-03-15,Sandwich,Fastfood,60,5,300,Cash,Mrs.,Midnight,March,Wednesday,3
709,2023-02-22,Cold coffee,Beverages,40,6,240,Cash,Mr.,Morning,February,Wednesday,2
710,2023-03-15,Sandwich,Fastfood,60,15,900,Unknown,Mr.,Night,March,Wednesday,3
711,2022-10-30,Aalopuri,Fastfood,20,3,60,Cash,Mr.,Afternoon,October,Sunday,10
712,2022-12-17,Vadapav,Fastfood,20,3,60,Online,Mrs.,Midnight,December,Saturday,12
713,2022-12-02,Sugarcane juice,Beverages,25,14,350,Online,Mrs.,Morning,December,Friday,12
714,2022-12-14,Sugarcane juice,Beverages,25,14,350,Cash,Mr.,Afternoon,December,Wednesday,12
715,2022-04-12,Sandwich,Fastfood,60,1,60,Online,Mr.,Morning,April,Tuesday,4
716,2022-12-03,Panipuri,Fastfood,20,9,180,Cash,Mrs.,Midnight,December,Saturday,12
717,2022-10-11,Sugarcane juice,Beverages,25,15,375,Unknown,Mrs.,Evening,October,Tuesday,10
718,2022-12-28,Aalopuri,Fastfood,20,2,40,Online,Mr.,Afternoon,December,Wednesday,12
719,2022-05-09,Vadapav,Fastfood,20,15,300,Cash,Mrs.,Midnight,May,Monday,5
720,2022-05-10,Frankie,Fastfood,50,14,700,Cash,Mrs.,Morning,May,Tuesday,5
721,2022-08-13,Panipuri,Fastfood,20,12,240,Unknown,Mr.,Afternoon,August,Saturday,8
722,2022-09-14,Vadapav,Fastfood,20,15,300,Unknown,Mr.,Midnight,September,Wednesday,9
723,2023-02-16,Cold coffee,Beverages,40,10,400,Online,Mr.,Evening,February,Thursday,2
724,2022-06-27,Frankie,Fastfood,50,10,500,Cash,Mrs.,Night,June,Monday,6
725,2022-07-04,Vadapav,Fastfood,20,6,120,Online,Mrs.,Afternoon,July,Monday,7
726,2022-09-11,Panipuri,Fastfood,20,1,20,Online,Mr.,Morning,September,Sunday,9
727,2022-08-25,Aalopuri,Fastfood,20,5,100,Cash,Mrs.,Midnight,August,Thursday,8
728,2022-08-03,Vadapav,Fastfood,20,1,20,Online,Mr.,Midnight,August,Wednesday,8
729,2022-11-24,Sandwich,Fastfood,60,7,420,Cash,Mr.,Night,November,Thursday,11
730,2022-06-28,Frankie,Fastfood,50,13,650,Cash,Mrs.,Afternoon,June,Tuesday,6
731,2023-03-09,Frankie,Fastfood,50,10,500,Cash,Mrs.,Afternoon,March,Thursday,3
732,2022-06-13,Panipuri,Fastfood,20,7,140,Unknown,Mrs.,Midnight,June,Monday,6
733,2023-02-03,Frankie,Fastfood,50,10,500,Cash,Mr.,Evening,February,Friday,2
734,2022-10-07,Frankie,Fastfood,50,7,350,Cash,Mr.,Evening,October,Friday,10
735,2022-08-10,Panipuri,Fastfood,20,11,220,Cash,Mr.,Morning,August,Wednesday,8
736,2022-09-25,Panipuri,Fastfood,20,13,260,Unknown,Mr.,Afternoon,September,Sunday,9
737,2022-09-20,Frankie,Fastfood,50,13,650,Online,Mrs.,Night,September,Tuesday,9
738,2023-03-01,Sandwich,Fastfood,60,4,240,Online,Mrs.,Morning,March,Wednesday,3
739,2022-06-06,Aalopuri,Fastfood,20,11,220,Online,Mr.,Night,June,Monday,6
740,2022-07-30,Aalopuri,Fastfood,20,9,180,Cash,Mr.,Midnight,July,Saturday,7
741,2022-07-16,Aalopuri,Fastfood,20,5,100,Online,Mr.,Afternoon,July,Saturday,7
742,2022-11-18,Panipuri,Fastfood,20,14,280,Online,Mr.,Night,November,Friday,11
743,2022-11-09,Panipuri,Fastfood,20,1,20,Cash,Mr.,Morning,November,Wednesday,11
744,2022-06-25,Frankie,Fastfood,50,10,500,Cash,Mrs.,Morning,June,Saturday,6
745,2022-09-11,Aalopuri,Fastfood,20,2,40,Online,Mr.,Evening,September,Sunday,9
746,2022-08-05,Sugarcane juice,Beverages,25,5,125,Online,Mrs.,Midnight,August,Friday,8
747,2023-01-14,Cold coffee,Beverages,40,3,120,Cash,Mrs.,Midnight,January,Saturday,1
748,2022-09-20,Sandwich,Fastfood,60,14,840,Cash,Mrs.,Night,September,Tuesday,9
749,2022-08-31,Vadapav,Fastfood,20,11,220,Cash,Mr.,Morning,August,Wednesday,8
750,2023-02-01,Frankie,Fastfood,50,1,50,Online,Mr.,Evening,February,Wednesday,2
751,2022-09-16,Vadapav,Fastfood,20,2,40,Cash,Mr.,Afternoon,September,Friday,9
752,2022-06-04,Panipuri,Fastfood,20,2,40,Online,Mrs.,Morning,June,Saturday,6
753,2022-06-26,Sugarcane juice,Beverages,25,1,25,Cash,Mr.,Midnight,June,Sunday,6
754,2022-12-29,Sugarcane juice,Beverages,25,14,350,Cash,Mrs.,Evening,December,Thursday,12
755,2023-01-02,Aalopuri,Fastfood,20,12,240,Cash,Mrs.,Night,January,Monday,1
756,2022-10-21,Sugarcane juice,Beverages,25,10,250,Online,Mrs.,Morning,October,Friday,10
757,2022-12-25,Sugarcane juice,Beverages,25,11,275,Online,Mr.,Morning,December,Sunday,12
758,2022-09-25,Vadapav,Fastfood,20,3,60,Cash,Mrs.,Evening,September,Sunday,9
759,2022-12-25,Sugarcane juice,Beverages,25,13,325,Online,Mr.,Midnight,December,Sunday,12
760,2022-11-14,Sugarcane juice,Beverages,25,1,25,Online,Mrs.,Evening,November,Monday,11
761,2022-11-12,Sandwich,Fastfood,60,3,180,Unknown,Mrs.,Midnight,November,Saturday,11
762,2022-04-09,Vadapav,Fastfood,20,12,240,Online,Mrs.,Midnight,April,Saturday,4
763,2022-07-04,Vadapav,Fastfood,20,14,280,Unknown,Mrs.,Night,July,Monday,7
764,2023-02-14,Sandwich,Fastfood,60,7,420,Cash,Mrs.,Night,February,Tuesday,2
765,2022-06-15,Sandwich,Fastfood,60,13,780,Cash,Mr.,Night,June,Wednesday,6
766,2022-06-19,Sandwich,Fastfood,60,10,600,Online,Mrs.,Morning,June,Sunday,6
767,2023-02-26,Frankie,Fastfood,50,8,400,Cash,Mrs.,Afternoon,February,Sunday,2
768,2023-01-12,Sandwich,Fastfood,60,14,840,Cash,Mr.,Afternoon,January,Thursday,1
769,2022-06-07,Frankie,Fastfood,50,8,400,Cash,Mr.,Morning,June,Tuesday,6
770,2023-02-22,Aalopuri,Fastfood,20,8,160,Cash,Mrs.,Morning,February,Wednesday,2
771,2022-08-15,Panipuri,Fastfood,20,5,100,Online,Mrs.,Midnight,August,Monday,8
772,2023-03-20,Cold coffee,Beverages,40,9,360,Cash,Mr.,Evening,March,Monday,3
773,2022-08-14,Cold coffee,Beverages,40,7,280,Online,Mr.,Afternoon,August,Sunday,8
774,2023-03-15,Vadapav,Fastfood,20,1,20,Online,Mrs.,Night,March,Wednesday,3
775,2023-03-27,Sandwich,Fastfood,60,6,360,Cash,Mr.,Night,March,Monday,3
776,2023-02-07,Frankie,Fastfood,50,10,500,Cash,Mr.,Midnight,February,Tuesday,2
777,2022-10-23,Panipuri,Fastfood,20,13,260,Cash,Mr.,Morning,October,Sunday,10
778,2022-06-11,Frankie,Fastfood,50,13,650,Cash,Mr.,Evening,June,Saturday,6
779,2023-01-16,Sandwich,Fastfood,60,13,780,Unknown,Mr.,Night,January,Monday,1
780,2022-11-27,Sugarcane juice,Beverages,25,13,325,Online,Mrs.,Afternoon,November,Sunday,11
781,2022-05-27,Aalopuri,Fastfood,20,10,200,Online,Mr.,Midnight,May,Friday,5
782,2022-12-16,Aalopuri,Fastfood,20,5,100,Online,Mr.,Night,December,Friday,12
783,2022-04-29,Aalopuri,Fastfood,20,8,160,Cash,Mr.,Morning,April,Friday,4
784,2022-07-09,Vadapav,Fastfood,20,8,160,Cash,Mrs.,Morning,July,Saturday,7
785,2022-12-07,Aalopuri,Fastfood,20,2,40,Online,Mr.,Afternoon,December,Wednesday,12
786,2023-03-13,Sandwich,Fastfood,60,14,840,Online,Mrs.,Night,March,Monday,3
787,2023-03-25,Aalopuri,Fastfood,20,2,40,Cash,Mrs.,Afternoon,March,Saturday,3
788,2022-08-13,Sugarcane juice,Beverages,25,7,175,Online,Mr.,Afternoon,August,Saturday,8
789,2022-08-03,Sugarcane juice,Beverages,25,7,175,Cash,Mr.,Morning,August,Wednesday,8
790,2022-07-20,Panipuri,Fastfood,20,3,60,Cash,Mrs.,Evening,July,Wednesday,7
791,2022-04-07,Vadapav,Fastfood,20,3,60,Unknown,Mr.,Midnight,April,Thursday,4
792,2023-02-25,Vadapav,Fastfood,20,2,40,Cash,Mrs.,Morning,February,Saturday,2
793,2022-08-30,Sandwich,Fastfood,60,6,360,Cash,Mrs.,Night,August,Tuesday,8
794,2022-10-02,Sugarcane juice,Beverages,25,5,125,Online,Mr.,Afternoon,October,Sunday,10
795,2023-01-10,Vadapav,Fastfood,20,9,180,Cash,Mr.,Evening,January,Tuesday,1
796,2022-06-25,Sugarcane juice,Beverages,25,14,350,Online,Mr.,Night,June,Saturday,6
797,2022-11-26,Cold coffee,Beverages,40,11,440,Cash,Mr.,Night,November,Saturday,11
798,2022-05-22,Frankie,Fastfood,50,12,600,Unknown,Mr.,Night,May,Sunday,5
799,2023-01-11,Panipuri,Fastfood,20,1,20,Online,Mrs.,Night,January,Wednesday,1
800,2022-11-06,Cold coffee,Beverages,40,14,560,Cash,Mr.,Night,November,Sunday,11
801,2022-04-28,Aalopuri,Fastfood,20,7,140,Cash,Mrs.,Evening,April,Thursday,4
802,2023-01-23,Sandwich,Fastfood,60,7,420,Online,Mrs.,Afternoon,January,Monday,1
803,2022-08-27,Vadapav,Fastfood,20,5,100,Unknown,Mr.,Night,August,Saturday,8
804,2022-10-11,Cold coffee,Beverages,40,12,480,Online,Mrs.,Night,October,Tuesday,10
805,2022-05-08,Sugarcane juice,Beverages,25,1,25,Online,Mr.,Afternoon,May,Sunday,5
806,2022-05-23,Vadapav,Fastfood,20,3,60,Online,Mr.,Evening,May,Monday,5
807,2022-06-13,Frankie,Fastfood,50,1,50,Online,Mrs.,Midnight,June,Monday,6
808,2022-09-21,Panipuri,Fastfood,20,1,20,Online,Mr.,Morning,September,Wednesday,9
809,2022-12-12,Panipuri,Fastfood,20,10,200,Online,Mr.,Evening,December,Monday,12
810,2022-12-27,Vadapav,Fastfood,20,3,60,Online,Mr.,Morning,December,Tuesday,12
811,2023-03-02,Aalopuri,Fastfood,20,13,260,Cash,Mr.,Afternoon,March,Thursday,3
812,2022-08-08,Panipuri,Fastfood,20,5,100,Cash,Mr.,Afternoon,August,Monday,8
813,2022-10-13,Panipuri,Fastfood,20,10,200,Online,Mr.,Afternoon,October,Thursday,10
814,2022-10-05,Vadapav,Fastfood,20,13,260,Cash,Mrs.,Midnight,October,Wednesday,10
815,2022-04-20,Cold coffee,Beverages,40,12,480,Online,Mrs.,Afternoon,April,Wednesday,4
816,2023-01-11,Sugarcane juice,Beverages,25,11,275,Cash,Mr.,Morning,January,Wednesday,1
817,2022-05-21,Aalopuri,Fastfood,20,12,240,Cash,Mrs.,Evening,May,Saturday,5
818,2023-02-28,Frankie,Fastfood,50,6,300,Cash,Mr.,Night,February,Tuesday,2
819,2022-10-12,Vadapav,Fastfood,20,10,200,Cash,Mr.,Evening,October,Wednesday,10
820,2023-02-24,Aalopuri,Fastfood,20,3,60,Unknown,Mr.,Midnight,February,Friday,2
821,2022-07-24,Aalopuri,Fastfood,20,12,240,Cash,Mrs.,Midnight,July,Sunday,7
822,2022-06-17,Panipuri,Fastfood,20,12,240,Online,Mr.,Morning,June,Friday,6
823,2023-02-13,Panipuri,Fastfood,20,11,220,Online,Mr.,Midnight,February,Monday,2
824,2023-01-18,Vadapav,Fastfood,20,2,40,Online,Mrs.,Evening,January,Wednesday,1
825,2022-10-30,Panipuri,Fastfood,20,14,280,Cash,Mrs.,Morning,October,Sunday,10
826,2022-12-02,Sandwich,Fastfood,60,15,900,Cash,Mrs.,Night,December,Friday,12
827,2023-01-06,Sandwich,Fastfood,60,12,720,Cash,Mr.,Midnight,January,Friday,1
828,2022-08-18,Panipuri,Fastfood,20,6,120,Cash,Mr.,Evening,August,Thursday,8
829,2022-09-19,Cold coffee,Beverages,40,6,240,Cash,Mr.,Night,September,Monday,9
830,2022-11-28,Cold coffee,Beverages,40,9,360,Unknown,Mr.,Night,November,Monday,11
831,2022-08-01,Frankie,Fastfood,50,5,250,Online,Mrs.,Morning,August,Monday,8
832,2022-06-06,Sugarcane juice,Beverages,25,4,100,Cash,Mr.,Morning,June,Monday,6
833,2022-09-01,Panipuri,Fastfood,20,2,40,Online,Mrs.,Evening,September,Thursday,9
834,2022-05-25,Sugarcane juice,Beverages,25,14,350,Cash,Mr.,Evening,May,Wednesday,5
835,2022-09-27,Sugarcane juice,Beverages,25,7,175,Online,Mr.,Afternoon,September,Tuesday,9
836,2022-08-31,Vadapav,Fastfood,20,2,40,Cash,Mrs.,Midnight,August,Wednesday,8
837,2022-05-19,Aalopuri,Fastfood,20,7,140,Cash,Mr.,Midnight,May,Thursday,5
838,2022-07-31,Cold coffee,Beverages,40,9,360,Online,Mrs.,Morning,July,Sunday,7
839,2022-05-08,Sugarcane juice,Beverages,25,4,100,Cash,Mrs.,Afternoon,May,Sunday,5
840,2023-02-18,Cold coffee,Beverages,40,15,600,Unknown,Mrs.,Midnight,February,Saturday,2
841,2023-02-03,Vadapav,Fastfood,20,9,180,Cash,Mr.,Night,February,Friday,2
842,2022-05-25,Panipuri,Fastfood,20,2,40,Cash,Mrs.,Evening,May,Wednesday,5
843,2022-07-04,Sugarcane juice,Beverages,25,1,25,Cash,Mrs.,Morning,July,Monday,7
844,2022-05-04,Sugarcane juice,Beverages,25,13,325,Cash,Mr.,Morning,May,Wednesday,5
845,2022-07-01,Cold coffee,Beverages,40,6,240,Online,Mrs.,Evening,July,Friday,7
846,2022-04-20,Aalopuri,Fastfood,20,5,100,Online,Mr.,Afternoon,April,Wednesday,4
847,2022-08-14,Panipuri,Fastfood,20,11,220,Online,Mr.,Midnight,August,Sunday,8
848,2022-11-10,Frankie,Fastfood,50,9,450,Cash,Mr.,Night,November,Thursday,11
849,2022-11-03,Cold coffee,Beverages,40,10,400,Cash,Mrs.,Night,November,Thursday,11
850,2022-08-20,Vadapav,Fastfood,20,3,60,Online,Mrs.,Afternoon,August,Saturday,8
851,2023-01-28,Aalopuri,Fastfood,20,15,300,Online,Mrs.,Night,January,Saturday,1
852,2022-05-05,Sugarcane juice,Beverages,25,8,200,Online,Mr.,Night,May,Thursday,5
853,2023-02-17,Cold coffee,Beverages,40,3,120,Online,Mrs.,Midnight,February,Friday,2
854,2022-10-14,Cold coffee,Beverages,40,14,560,Online,Mrs.,Night,October,Friday,10
855,2022-10-23,Vadapav,Fastfood,20,5,100,Online,Mr.,Evening,October,Sunday,10
856,2022-05-04,Aalopuri,Fastfood,20,11,220,Cash,Mrs.,Night,May,Wednesday,5
857,2022-11-08,Sugarcane juice,Beverages,25,14,350,Online,Mrs.,Evening,November,Tuesday,11
858,2022-11-22,Cold coffee,Beverages,40,9,360,Cash,Mr.,Evening,November,Tuesday,11
859,2022-10-08,Sandwich,Fastfood,60,11,660,Cash,Mrs.,Midnight,October,Saturday,10
860,2022-07-16,Cold coffee,Beverages,40,5,200,Cash,Mr.,Night,July,Saturday,7
861,2023-01-24,Sugarcane juice,Beverages,25,8,200,Cash,Mrs.,Night,January,Tuesday,1
862,2023-03-10,Frankie,Fastfood,50,7,350,Online,Mr.,Night,March,Friday,3
863,2022-09-08,Frankie,Fastfood,50,9,450,Online,Mr.,Night,September,Thursday,9
864,2022-08-20,Cold coffee,Beverages,40,9,360,Online,Mr.,Morning,August,Saturday,8
865,2023-01-23,Sugarcane juice,Beverages,25,6,150,Cash,Mrs.,Night,January,Monday,1
866,2022-08-13,Frankie,Fastfood,50,10,500,Online,Mr.,Midnight,August,Saturday,8
867,2023-01-26,Frankie,Fastfood,50,15,750,Cash,Mr.,Midnight,January,Thursday,1
868,2022-08-17,Aalopuri,Fastfood,20,13,260,Cash,Mrs.,Evening,August,Wednesday,8
869,2022-06-26,Panipuri,Fastfood,20,9,180,Online,Mr.,Midnight,June,Sunday,6
870,2022-10-31,Cold coffee,Beverages,40,5,200,Online,Mrs.,Afternoon,October,Monday,10
871,2022-12-07,Vadapav,Fastfood,20,14,280,Unknown,Mrs.,Evening,December,Wednesday,12
872,2022-07-14,Sandwich,Fastfood,60,12,720,Cash,Mr.,Afternoon,July,Thursday,7
873,2022-05-09,Sugarcane juice,Beverages,25,1,25,Online,Mr.,Night,May,Monday,5
874,2022-05-09,Cold coffee,Beverages,40,4,160,Cash,Mr.,Midnight,May,Monday,5
875,2022-08-05,Vadapav,Fastfood,20,15,300,Cash,Mr.,Evening,August,Friday,8
876,2022-06-10,Cold coffee,Beverages,40,8,320,Online,Mrs.,Evening,June,Friday,6
877,2022-10-27,Sugarcane juice,Beverages,25,14,350,Cash,Mrs.,Afternoon,October,Thursday,10
878,2022-08-12,Sandwich,Fastfood,60,6,360,Online,Mr.,Evening,August,Friday,8
879,2022-11-06,Cold coffee,Beverages,40,9,360,Cash,Mrs.,Evening,November,Sunday,11
880,2022-06-25,Sugarcane juice,Beverages,25,5,125,Cash,Mrs.,Morning,June,Saturday,6
881,2022-05-25,Sandwich,Fastfood,60,2,120,Cash,Mr.,Midnight,May,Wednesday,5
882,2022-04-23,Panipuri,Fastfood,20,9,180,Online,Mr.,Morning,April,Saturday,4
883,2022-08-24,Aalopuri,Fastfood,20,5,100,Online,Mrs.,Midnight,August,Wednesday,8
884,2023-03-01,Vadapav,Fastfood,20,12,240,Online,Mr.,Night,March,Wednesday,3
885,2022-10-16,Sugarcane juice,Beverages,25,4,100,Cash,Mr.,Evening,October,Sunday,10
886,2022-07-21,Sugarcane juice,Beverages,25,4,100,Cash,Mrs.,Night,July,Thursday,7
887,2022-10-24,Aalopuri,Fastfood,20,3,60,Cash,Mr.,Morning,October,Monday,10
888,2022-09-05,Vadapav,Fastfood,20,8,160,Cash,Mr.,Evening,September,Monday,9
889,2022-04-12,Vadapav,Fastfood,20,10,200,Online,Mr.,Midnight,April,Tuesday,4
890,2023-03-03,Sugarcane juice,Beverages,25,5,125,Cash,Mrs.,Morning,March,Friday,3
891,2022-12-27,Cold coffee,Beverages,40,11,440,Cash,Mr.,Midnight,December,Tuesday,12
892,2022-07-14,Sugarcane juice,Beverages,25,7,175,Online,Mrs.,Evening,July,Thursday,7
893,2022-07-13,Sugarcane juice,Beverages,25,12,300,Cash,Mrs.,Afternoon,July,Wednesday,7
894,2023-03-19,Sandwich,Fastfood,60,15,900,Cash,Mr.,Morning,March,Sunday,3
895,2023-01-03,Sugarcane juice,Beverages,25,11,275,Cash,Mr.,Afternoon,January,Tuesday,1
896,2022-10-30,Aalopuri,Fastfood,20,13,260,Cash,Mr.,Night,October,Sunday,10
897,2022-08-22,Aalopuri,Fastfood,20,6,120,Online,Mr.,Morning,August,Monday,8
898,2023-03-02,Frankie,Fastfood,50,8,400,Cash,Mr.,Afternoon,March,Thursday,3
899,2023-01-24,Aalopuri,Fastfood,20,7,140,Cash,Mr.,Midnight,January,Tuesday,1
900,2022-12-07,Sugarcane juice,Beverages,25,9,225,Online,Mr.,Afternoon,December,Wednesday,12
901,2022-12-24,Vadapav,Fastfood,20,7,140,Online,Mrs.,Morning,December,Saturday,12
902,2022-11-23,Frankie,Fastfood,50,4,200,Online,Mr.,Afternoon,November,Wednesday,11
903,2023-01-01,Aalopuri,Fastfood,20,15,300,Online,Mr.,Night,January,Sunday,1
904,2023-03-12,Aalopuri,Fastfood,20,4,80,Cash,Mrs.,Midnight,March,Sunday,3
905,2022-12-13,Frankie,Fastfood,50,15,750,Cash,Mrs.,Midnight,December,Tuesday,12
906,2022-04-04,Sandwich,Fastfood,60,15,900,Cash,Mr.,Afternoon,April,Monday,4
907,2022-10-19,Cold coffee,Beverages,40,4,160,Unknown,Mrs.,Midnight,October,Wednesday,10
908,2023-03-06,Sandwich,Fastfood,60,7,420,Cash,Mrs.,Night,March,Monday,3
909,2023-02-21,Cold coffee,Beverages,40,12,480,Online,Mrs.,Morning,February,Tuesday,2
910,2022-10-09,Panipuri,Fastfood,20,1,20,Cash,Mrs.,Afternoon,October,Sunday,10
911,2022-04-09,Sandwich,Fastfood,60,1,60,Cash,Mr.,Evening,April,Saturday,4
912,2022-09-17,Aalopuri,Fastfood,20,6,120,Cash,Mr.,Evening,September,Saturday,9
913,2023-02-15,Frankie,Fastfood,50,15,750,Online,Mr.,Evening,February,Wednesday,2
914,2023-03-01,Sandwich,Fastfood,60,14,840,Cash,Mr.,Night,March,Wednesday,3
915,2022-10-07,Cold coffee,Beverages,40,7,280,Online,Mr.,Afternoon,October,Friday,10
916,2022-11-17,Cold coffee,Beverages,40,15,600,Unknown,Mrs.,Afternoon,November,Thursday,11
917,2022-05-15,Vadapav,Fastfood,20,15,300,Online,Mr.,Evening,May,Sunday,5
918,2022-11-12,Panipuri,Fastfood,20,6,120,Cash,Mr.,Evening,November,Saturday,11
919,2023-01-03,Vadapav,Fastfood,20,8,160,Online,Mrs.,Evening,January,Tuesday,1
920,2022-07-12,Frankie,Fastfood,50,13,650,Online,Mr.,Evening,July,Tuesday,7
921,2022-09-21,Vadapav,Fastfood,20,14,280,Cash,Mr.,Midnight,September,Wednesday,9
922,2022-06-13,Frankie,Fastfood,50,5,250,Online,Mrs.,Evening,June,Monday,6
923,2022-05-30,Cold coffee,Beverages,40,3,120,Online,Mr.,Morning,May,Monday,5
924,2022-12-17,Panipuri,Fastfood,20,14,280,Cash,Mr.,Afternoon,December,Saturday,12
925,2022-04-10,Frankie,Fastfood,50,4,200,Online,Mrs.,Afternoon,April,Sunday,4
926,2023-02-27,Frankie,Fastfood,50,15,750,Cash,Mrs.,Afternoon,February,Monday,2
927,2022-12-02,Cold coffee,Beverages,40,6,240,Unknown,Mrs.,Evening,December,Friday,12
928,2022-04-07,Sandwich,Fastfood,60,11,660,Online,Mr.,Evening,April,Thursday,4
929,2022-06-06,Frankie,Fastfood,50,9,450,Online,Mrs.,Night,June,Monday,6
930,2022-11-27,Sugarcane juice,Beverages,25,10,250,Online,Mr.,Night,November,Sunday,11
931,2022-06-26,Aalopuri,Fastfood,20,15,300,Cash,Mr.,Afternoon,June,Sunday,6
932,2022-10-18,Sandwich,Fastfood,60,9,540,Online,Mr.,Afternoon,October,Tuesday,10
933,2023-01-21,Sugarcane juice,Beverages,25,15,375,Online,Mrs.,Afternoon,January,Saturday,1
934,2022-09-19,Cold coffee,Beverages,40,4,160,Cash,Mrs.,Afternoon,September,Monday,9
935,2023-02-17,Sandwich,Fastfood,60,12,720,Cash,Mr.,Midnight,February,Friday,2
936,2022-08-10,Panipuri,Fastfood,20,2,40,Unknown,Mr.,Midnight,August,Wednesday,8
937,2022-06-22,Panipuri,Fastfood,20,4,80,Cash,Mr.,Night,June,Wednesday,6
938,2022-08-10,Sugarcane juice,Beverages,25,14,350,Cash,Mr.,Evening,August,Wednesday,8
939,2023-02-19,Vadapav,Fastfood,20,15,300,Online,Mr.,Midnight,February,Sunday,2
940,2023-02-07,Sugarcane juice,Beverages,25,14,350,Online,Mrs.,Midnight,February,Tuesday,2
941,2023-02-10,Cold coffee,Beverages,40,10,400,Online,Mrs.,Morning,February,Friday,2
942,2022-07-20,Frankie,Fastfood,50,6,300,Cash,Mr.,Night,July,Wednesday,7
943,2022-06-30,Vadapav,Fastfood,20,6,120,Cash,Mrs.,Night,June,Thursday,6
944,2022-05-12,Aalopuri,Fastfood,20,2,40,Cash,Mr.,Midnight,May,Thursday,5
945,2022-05-15,Cold coffee,Beverages,40,2,80,Online,Mrs.,Afternoon,May,Sunday,5
946,2023-02-21,Sandwich,Fastfood,60,8,480,Cash,Mr.,Midnight,February,Tuesday,2
947,2022-08-16,Aalopuri,Fastfood,20,11,220,Online,Mr.,Night,August,Tuesday,8
948,2023-01-16,Sandwich,Fastfood,60,10,600,Online,Mr.,Evening,January,Monday,1
949,2023-01-07,Panipuri,Fastfood,20,1,20,Cash,Mrs.,Evening,January,Saturday,1
950,2022-09-25,Frankie,Fastfood,50,6,300,Online,Mrs.,Evening,September,Sunday,9
951,2022-11-11,Panipuri,Fastfood,20,11,220,Cash,Mrs.,Afternoon,November,Friday,11
952,2022-09-24,Aalopuri,Fastfood,20,14,280,Cash,Mrs.,Evening,September,Saturday,9
953,2022-11-10,Sandwich,Fastfood,60,2,120,Online,Mrs.,Afternoon,November,Thursday,11
954,2023-01-31,Aalopuri,Fastfood,20,3,60,Cash,Mrs.,Midnight,January,Tuesday,1
955,2023-01-27,Sugarcane juice,Beverages,25,7,175,Online,Mr.,Afternoon,January,Friday,1
956,2022-04-30,Frankie,Fastfood,50,13,650,Online,Mr.,Morning,April,Saturday,4
957,2023-02-08,Panipuri,Fastfood,20,3,60,Online,Mrs.,Midnight,February,Wednesday,2
958,2022-05-22,Sandwich,Fastfood,60,11,660,Online,Mrs.,Night,May,Sunday,5
959,2022-11-28,Vadapav,Fastfood,20,8,160,Online,Mrs.,Midnight,November,Monday,11
960,2022-08-12,Sugarcane juice,Beverages,25,15,375,Online,Mrs.,Evening,August,Friday,8
961,2023-03-14,Frankie,Fastfood,50,13,650,Cash,Mr.,Night,March,Tuesday,3
962,2022-05-18,Frankie,Fastfood,50,13,650,Online,Mrs.,Afternoon,May,Wednesday,5
963,2022-10-05,Vadapav,Fastfood,20,6,120,Cash,Mrs.,Morning,October,Wednesday,10
964,2022-05-07,Cold coffee,Beverages,40,8,320,Cash,Mr.,Evening,May,Saturday,5
965,2022-10-08,Frankie,Fastfood,50,5,250,Online,Mrs.,Night,October,Saturday,10
966,2023-03-19,Panipuri,Fastfood,20,11,220,Online,Mrs.,Morning,March,Sunday,3
967,2022-06-29,Cold coffee,Beverages,40,14,560,Cash,Mr.,Afternoon,June,Wednesday,6
968,2022-08-09,Cold coffee,Beverages,40,15,600,Cash,Mrs.,Morning,August,Tuesday,8
969,2022-11-06,Cold coffee,Beverages,40,11,440,Cash,Mr.,Morning,November,Sunday,11
970,2022-11-21,Aalopuri,Fastfood,20,5,100,Online,Mrs.,Afternoon,November,Monday,11
971,2022-10-02,Frankie,Fastfood,50,2,100,Cash,Mrs.,Morning,October,Sunday,10
972,2023-03-11,Aalopuri,Fastfood,20,1,20,Cash,Mrs.,Afternoon,March,Saturday,3
973,2022-06-07,Sugarcane juice,Beverages,25,1,25,Unknown,Mrs.,Morning,June,Tuesday,6
974,2023-01-28,Vadapav,Fastfood,20,13,260,Online,Mr.,Afternoon,January,Saturday,1
975,2023-01-15,Aalopuri,Fastfood,20,1,20,Cash,Mr.,Midnight,January,Sunday,1
976,2022-04-17,Sugarcane juice,Beverages,25,11,275,Unknown,Mrs.,Morning,April,Sunday,4
977,2023-01-05,Aalopuri,Fastfood,20,1,20,Cash,Mr.,Evening,January,Thursday,1
978,2022-10-08,Frankie,Fastfood,50,2,100,Online,Mr.,Night,October,Saturday,10
979,2022-05-21,Aalopuri,Fastfood,20,13,260,Cash,Mrs.,Midnight,May,Saturday,5
980,2022-06-20,Vadapav,Fastfood,20,9,180,Online,Mr.,Morning,June,Monday,6
981,2023-01-22,Panipuri,Fastfood,20,15,300,Online,Mr.,Midnight,January,Sunday,1
982,2023-03-30,Sugarcane juice,Beverages,25,14,350,Cash,Mrs.,Night,March,Thursday,3
983,2023-03-17,Cold coffee,Beverages,40,10,400,Unknown,Mrs.,Night,March,Friday,3
984,2023-01-07,Frankie,Fastfood,50,3,150,Cash,Mr.,Afternoon,January,Saturday,1
985,2022-06-14,Frankie,Fastfood,50,1,50,Cash,Mrs.,Afternoon,June,Tuesday,6
986,2022-04-30,Sugarcane juice,Beverages,25,13,325,Online,Mr.,Night,April,Saturday,4
987,2023-01-04,Vadapav,Fastfood,20,3,60,Cash,Mrs.,Evening,January,Wednesday,1
988,2023-01-03,Frankie,Fastfood,50,13,650,Unknown,Mrs.,Night,January,Tuesday,1
989,2022-10-11,Cold coffee,Beverages,40,13,520,Cash,Mr.,Afternoon,October,Tuesday,10
990,2022-11-24,Vadapav,Fastfood,20,10,200,Online,Mrs.,Morning,November,Thursday,11
991,2023-01-18,Sandwich,Fastfood,60,7,420,Cash,Mrs.,Night,January,Wednesday,1
992,2022-10-21,Sandwich,Fastfood,60,5,300,Cash,Mr.,Morning,October,Friday,10
993,2022-07-17,Frankie,Fastfood,50,3,150,Online,Mrs.,Night,July,Sunday,7
994,2022-11-01,Panipuri,Fastfood,20,2,40,Online,Mrs.,Evening,November,Tuesday,11
995,2022-06-18,Sugarcane juice,Beverages,25,1,25,Online,Mr.,Night,June,Saturday,6
996,2023-03-19,Frankie,Fastfood,50,10,500,Unknown,Mrs.,Evening,March,Sunday,3
997,2022-09-20,Sandwich,Fastfood,60,7,420,Unknown,Mr.,Evening,September,Tuesday,9
998,2023-01-26,Sandwich,Fastfood,60,13,780,Unknown,Mr.,Evening,January,Thursday,1
999,2022-08-27,Panipuri,Fastfood,20,5,100,Unknown,Mrs.,Afternoon,August,Saturday,8
1000,2022-05-29,Aalopuri,Fastfood,20,3,60,Online,Mrs.,Midnight,May,Sunday,5
